cogn_load,painlvl,trialtyp,painrating,painrating_validity,nbackresponse,nbackresponse_validyity,numboftargetocc,correctans,trialidx,trialnum,run,blocktype,subjID
0,1,3,43.75,1,2,1,2,1,1,1,1,2,n2ezbykdc
0,0,1,7.29166666666667,1,4,1,4,1,1,2,1,2,n2ezbykdc
0,0,1,13.0208333333333,1,3,1,3,1,2,3,1,2,n2ezbykdc
0,1,3,69.7916666666667,1,3,1,3,1,2,4,1,2,n2ezbykdc
2,1,4,50,1,4,1,5,0,1,5,1,2,n2ezbykdc
2,0,2,18.75,1,5,1,5,1,1,6,1,2,n2ezbykdc
2,1,4,36.4583333333333,1,3,1,3,1,2,7,1,2,n2ezbykdc
0,1,3,50,1,3,1,3,1,3,8,1,2,n2ezbykdc
0,0,1,33.59375,1,3,1,3,1,3,9,1,2,n2ezbykdc
2,1,4,12.2395833333333,1,2,1,3,0,3,10,1,2,n2ezbykdc
2,0,2,38.0208333333333,1,2,1,3,0,2,11,1,2,n2ezbykdc
2,0,2,50,1,5,1,4,0,3,12,1,2,n2ezbykdc
0,1,3,79.6875,1,5,1,5,1,4,13,1,2,n2ezbykdc
2,0,2,23.4375,1,2,1,4,0,4,14,1,2,n2ezbykdc
0,1,3,53.6458333333333,1,4,1,4,1,5,15,1,2,n2ezbykdc
2,1,4,31.25,1,3,1,3,1,4,16,1,2,n2ezbykdc
0,0,1,34.6354166666667,1,3,1,3,1,4,17,1,2,n2ezbykdc
0,0,1,13.8020833333333,1,2,1,2,1,5,18,1,2,n2ezbykdc
2,1,4,33.0729166666667,1,5,1,5,1,5,19,1,2,n2ezbykdc
2,0,2,27.6041666666667,1,3,1,4,0,5,20,1,2,n2ezbykdc
2,1,4,16.40625,1,2,1,2,1,1,1,2,9,n2ezbykdc
2,1,4,23.4375,1,3,1,4,0,2,2,2,9,n2ezbykdc
0,0,1,22.65625,1,2,1,2,1,1,3,2,9,n2ezbykdc
2,1,4,50,1,2,1,2,1,3,4,2,9,n2ezbykdc
0,1,3,34.375,1,3,1,3,1,1,5,2,9,n2ezbykdc
2,0,2,17.96875,1,2,1,2,1,1,6,2,9,n2ezbykdc
0,0,1,12.2395833333333,1,3,1,3,1,2,7,2,9,n2ezbykdc
2,1,4,74.21875,1,3,1,4,0,4,8,2,9,n2ezbykdc
0,1,3,50,1,2,1,2,1,2,9,2,9,n2ezbykdc
2,0,2,14.3229166666667,1,3,1,3,1,2,10,2,9,n2ezbykdc
0,0,1,35.6770833333333,1,5,1,5,1,3,11,2,9,n2ezbykdc
0,1,3,72.1354166666667,1,3,1,3,1,3,12,2,9,n2ezbykdc
0,1,3,64.84375,1,4,1,4,1,4,13,2,9,n2ezbykdc
2,0,2,25.5208333333333,1,2,1,2,1,3,14,2,9,n2ezbykdc
2,0,2,23.4375,1,5,1,5,1,4,15,2,9,n2ezbykdc
2,1,4,58.59375,1,2,1,2,1,5,16,2,9,n2ezbykdc
0,0,1,31.5104166666667,1,5,1,5,1,4,17,2,9,n2ezbykdc
0,1,3,89.84375,1,5,1,5,1,5,18,2,9,n2ezbykdc
2,0,2,26.8229166666667,1,3,1,3,1,5,19,2,9,n2ezbykdc
0,0,1,50.5208333333333,1,5,1,5,1,5,20,2,9,n2ezbykdc
0,0,1,-0,1,2,1,2,1,1,1,3,3,n2ezbykdc
0,0,1,-0,1,2,1,2,1,2,2,3,3,n2ezbykdc
0,1,3,24.21875,1,4,1,4,1,1,3,3,3,n2ezbykdc
2,1,4,38.5416666666667,1,4,1,5,0,1,4,3,3,n2ezbykdc
2,0,2,27.8645833333333,1,3,1,5,0,1,5,3,3,n2ezbykdc
0,1,3,87.2395833333333,1,3,1,3,1,2,6,3,3,n2ezbykdc
2,1,4,50,1,4,1,5,0,2,7,3,3,n2ezbykdc
2,0,2,19.0104166666667,1,2,1,2,1,2,8,3,3,n2ezbykdc
0,0,1,35.6770833333333,1,4,1,4,1,3,9,3,3,n2ezbykdc
2,1,4,79.6875,1,2,1,3,0,3,10,3,3,n2ezbykdc
0,0,1,48.4375,1,4,1,4,1,4,11,3,3,n2ezbykdc
2,0,2,22.9166666666667,1,3,1,2,0,3,12,3,3,n2ezbykdc
0,1,3,69.0104166666667,1,5,1,5,1,3,13,3,3,n2ezbykdc
0,1,3,82.2916666666667,1,5,1,5,1,4,14,3,3,n2ezbykdc
2,0,2,4.94791666666667,1,4,1,4,1,4,15,3,3,n2ezbykdc
2,1,4,10.6770833333333,1,3,1,3,1,4,16,3,3,n2ezbykdc
0,0,1,50,1,3,1,3,1,5,17,3,3,n2ezbykdc
2,0,2,26.5625,1,5,1,5,1,5,18,3,3,n2ezbykdc
2,1,4,50,1,5,1,5,1,5,19,3,3,n2ezbykdc
0,1,3,78.90625,1,2,1,2,1,5,20,3,3,n2ezbykdc
2,0,2,24.21875,1,4,1,5,0,1,1,1,7,n2p42ndy1
0,0,1,27.0833333333333,1,3,1,3,1,1,2,1,7,n2p42ndy1
2,1,4,56.5104166666667,1,3,1,3,1,1,3,1,7,n2p42ndy1
0,1,3,67.1875,1,3,1,3,1,1,4,1,7,n2p42ndy1
2,0,2,16.40625,1,2,1,2,1,2,5,1,7,n2p42ndy1
2,1,4,57.2916666666667,1,2,1,2,1,2,6,1,7,n2p42ndy1
2,0,2,16.9270833333333,1,2,1,3,0,3,7,1,7,n2p42ndy1
0,0,1,4.94791666666667,1,2,1,3,0,2,8,1,7,n2p42ndy1
0,1,3,73.1770833333333,1,4,1,4,1,2,9,1,7,n2p42ndy1
0,0,1,39.3229166666667,1,3,1,3,1,3,10,1,7,n2p42ndy1
0,0,1,57.5520833333333,1,5,1,5,1,4,11,1,7,n2p42ndy1
2,1,4,64.0625,1,5,1,5,1,3,12,1,7,n2p42ndy1
2,1,4,64.3229166666667,1,4,1,4,1,4,13,1,7,n2p42ndy1
0,0,1,29.1666666666667,1,3,1,3,1,5,14,1,7,n2p42ndy1
0,1,3,86.71875,1,2,1,2,1,3,15,1,7,n2p42ndy1
0,1,3,76.5625,1,4,1,4,1,4,16,1,7,n2p42ndy1
2,0,2,27.8645833333333,1,2,1,2,1,4,17,1,7,n2p42ndy1
2,0,2,57.03125,1,4,1,4,1,5,18,1,7,n2p42ndy1
0,1,3,84.6354166666667,1,2,1,2,1,5,19,1,7,n2p42ndy1
2,1,4,66.40625,1,4,1,5,0,5,20,1,7,n2p42ndy1
0,0,1,63.8020833333333,1,2,1,2,1,1,1,2,3,n2p42ndy1
0,0,1,30.9895833333333,1,4,1,4,1,2,2,2,3,n2p42ndy1
0,1,3,69.53125,1,5,1,5,1,1,3,2,3,n2p42ndy1
2,1,4,56.25,1,4,1,3,0,1,4,2,3,n2p42ndy1
2,0,2,16.9270833333333,1,5,1,4,0,1,5,2,3,n2p42ndy1
0,1,3,86.1979166666667,1,2,1,2,1,2,6,2,3,n2p42ndy1
2,1,4,58.0729166666667,1,2,1,2,1,2,7,2,3,n2p42ndy1
2,0,2,20.8333333333333,1,3,1,4,0,2,8,2,3,n2p42ndy1
0,0,1,32.2916666666667,1,4,1,4,1,3,9,2,3,n2p42ndy1
2,1,4,75.78125,1,3,1,3,1,3,10,2,3,n2p42ndy1
0,0,1,37.5,1,3,1,3,1,4,11,2,3,n2p42ndy1
2,0,2,14.0625,1,3,1,5,0,3,12,2,3,n2p42ndy1
0,1,3,91.40625,1,5,1,5,1,3,13,2,3,n2p42ndy1
0,1,3,84.375,1,5,1,5,1,4,14,2,3,n2p42ndy1
2,0,2,21.09375,1,2,1,2,1,4,15,2,3,n2p42ndy1
2,1,4,68.2291666666667,1,3,1,3,1,4,16,2,3,n2p42ndy1
0,0,1,50,1,3,1,3,1,5,17,2,3,n2p42ndy1
2,0,2,19.7916666666667,1,4,1,4,1,5,18,2,3,n2p42ndy1
2,1,4,69.2708333333333,1,3,1,3,1,5,19,2,3,n2p42ndy1
0,1,3,66.1458333333333,1,4,1,4,1,5,20,2,3,n2p42ndy1
0,1,3,81.7708333333333,1,4,1,4,1,1,1,3,4,n2p42ndy1
2,0,2,25,1,3,1,3,1,1,2,3,4,n2p42ndy1
0,0,1,6.51041666666667,1,4,1,4,1,1,3,3,4,n2p42ndy1
2,1,4,32.5520833333333,1,3,1,4,0,1,4,3,4,n2p42ndy1
0,1,3,62.2395833333333,1,3,1,3,1,2,5,3,4,n2p42ndy1
0,0,1,22.1354166666667,1,2,1,2,1,2,6,3,4,n2p42ndy1
2,0,2,27.6041666666667,1,4,1,4,1,2,7,3,4,n2p42ndy1
2,1,4,67.4479166666667,1,3,1,3,1,2,8,3,4,n2p42ndy1
0,1,3,78.125,1,3,1,3,1,3,9,3,4,n2p42ndy1
2,0,2,57.5520833333333,1,4,1,5,0,3,10,3,4,n2p42ndy1
0,0,1,61.71875,1,4,1,4,1,3,11,3,4,n2p42ndy1
0,1,3,90.625,1,2,1,2,1,4,12,3,4,n2p42ndy1
2,1,4,65.1041666666667,1,4,1,4,1,3,13,3,4,n2p42ndy1
0,0,1,34.375,1,3,1,3,1,4,14,3,4,n2p42ndy1
2,0,2,28.125,1,4,1,5,0,4,15,3,4,n2p42ndy1
2,1,4,93.75,1,4,1,4,1,4,16,3,4,n2p42ndy1
2,1,4,81.7708333333333,1,3,1,3,1,5,17,3,4,n2p42ndy1
2,0,2,62.2395833333333,1,4,1,4,1,5,18,3,4,n2p42ndy1
0,1,3,96.875,1,2,1,2,1,5,19,3,4,n2p42ndy1
0,0,1,56.7708333333333,1,4,1,4,1,5,20,3,4,n2p42ndy1
0,1,3,30.46875,1,4,1,4,1,1,1,1,2,n2znwbt78
0,0,1,1.82291666666667,1,2,1,2,1,1,2,1,2,n2znwbt78
0,0,1,-0,1,4,1,4,1,2,3,1,2,n2znwbt78
0,1,3,43.75,1,3,1,3,1,2,4,1,2,n2znwbt78
2,1,4,29.9479166666667,1,3,1,3,1,1,5,1,2,n2znwbt78
2,0,2,-0,1,3,1,2,0,1,6,1,2,n2znwbt78
2,1,4,56.5104166666667,1,2,1,2,1,2,7,1,2,n2znwbt78
0,1,3,52.6041666666667,1,2,1,2,1,3,8,1,2,n2znwbt78
0,0,1,3.64583333333333,1,3,1,3,1,3,9,1,2,n2znwbt78
2,1,4,34.8958333333333,1,3,1,4,0,3,10,1,2,n2znwbt78
2,0,2,5.46875,1,4,1,4,1,2,11,1,2,n2znwbt78
2,0,2,8.85416666666667,1,3,1,4,0,3,12,1,2,n2znwbt78
0,1,3,56.25,1,2,1,2,1,4,13,1,2,n2znwbt78
2,0,2,0.260416666666667,1,2,1,4,0,4,14,1,2,n2znwbt78
0,1,3,52.6041666666667,1,5,1,5,1,5,15,1,2,n2znwbt78
2,1,4,6.77083333333333,1,4,1,4,1,4,16,1,2,n2znwbt78
0,0,1,0,1,4,1,4,1,4,17,1,2,n2znwbt78
0,0,1,7.03125,1,4,1,4,1,5,18,1,2,n2znwbt78
2,1,4,34.375,1,2,1,2,1,5,19,1,2,n2znwbt78
2,0,2,1.5625,1,4,1,4,1,5,20,1,2,n2znwbt78
0,0,1,-0,1,5,1,5,1,1,1,2,1,n2znwbt78
0,0,1,4.42708333333333,1,4,1,4,1,2,2,2,1,n2znwbt78
0,1,3,59.375,1,3,1,3,1,1,3,2,1,n2znwbt78
2,1,4,46.875,1,1,1,2,0,1,4,2,1,n2znwbt78
0,0,1,4.42708333333333,1,5,1,5,1,3,5,2,1,n2znwbt78
0,1,3,60.15625,1,2,1,2,1,2,6,2,1,n2znwbt78
2,0,2,0.520833333333333,1,4,1,5,0,1,7,2,1,n2znwbt78
2,1,4,54.6875,1,3,1,3,1,2,8,2,1,n2znwbt78
2,1,4,58.0729166666667,1,3,1,3,1,3,9,2,1,n2znwbt78
2,0,2,1.30208333333333,1,3,1,5,0,2,10,2,1,n2znwbt78
0,1,3,60.9375,1,3,1,3,1,3,11,2,1,n2znwbt78
2,1,4,46.875,1,2,1,2,1,4,12,2,1,n2znwbt78
2,0,2,-0,1,3,1,4,0,3,13,2,1,n2znwbt78
0,0,1,23.9583333333333,1,2,1,2,1,4,14,2,1,n2znwbt78
0,1,3,58.8541666666667,1,5,1,5,1,4,15,2,1,n2znwbt78
2,1,4,62.5,1,3,1,2,0,5,16,2,1,n2znwbt78
0,0,1,15.3645833333333,1,3,1,3,1,5,17,2,1,n2znwbt78
0,1,3,54.9479166666667,1,2,1,2,1,5,18,2,1,n2znwbt78
2,0,2,0.520833333333333,1,3,1,4,0,4,19,2,1,n2znwbt78
2,0,2,1.5625,1,3,1,5,0,5,20,2,1,n2znwbt78
0,0,1,3.38541666666667,1,4,1,4,1,1,1,3,3,n2znwbt78
0,0,1,3.90625,1,2,1,2,1,2,2,3,3,n2znwbt78
0,1,3,53.90625,1,2,1,2,1,1,3,3,3,n2znwbt78
2,1,4,55.7291666666667,1,3,1,3,1,1,4,3,3,n2znwbt78
2,0,2,3.38541666666667,1,3,1,5,0,1,5,3,3,n2znwbt78
0,1,3,58.59375,1,5,1,5,1,2,6,3,3,n2znwbt78
2,1,4,54.9479166666667,1,3,1,3,1,2,7,3,3,n2znwbt78
2,0,2,0.260416666666667,1,4,1,4,1,2,8,3,3,n2znwbt78
0,0,1,4.6875,1,4,1,4,1,3,9,3,3,n2znwbt78
2,1,4,53.90625,1,4,1,5,0,3,10,3,3,n2znwbt78
0,0,1,3.64583333333333,1,2,1,2,1,4,11,3,3,n2znwbt78
2,0,2,0.520833333333333,1,4,1,4,1,3,12,3,3,n2znwbt78
0,1,3,52.6041666666667,1,5,1,5,1,3,13,3,3,n2znwbt78
0,1,3,57.5520833333333,1,2,1,2,1,4,14,3,3,n2znwbt78
2,0,2,-0,1,2,1,2,1,4,15,3,3,n2znwbt78
2,1,4,54.1666666666667,1,3,1,3,1,4,16,3,3,n2znwbt78
0,0,1,0.260416666666667,1,3,1,3,1,5,17,3,3,n2znwbt78
2,0,2,-0,1,3,1,3,1,5,18,3,3,n2znwbt78
2,1,4,53.6458333333333,1,4,1,5,0,5,19,3,3,n2znwbt78
0,1,3,51.3020833333333,1,5,1,5,1,5,20,3,3,n2znwbt78
0,1,3,63.0208333333333,1,4,1,4,1,1,1,1,2,n31b2j4ah
0,0,1,8.07291666666667,1,4,1,4,1,1,2,1,2,n31b2j4ah
0,0,1,17.7083333333333,1,4,1,4,1,2,3,1,2,n31b2j4ah
0,1,3,70.5729166666667,1,4,1,4,1,2,4,1,2,n31b2j4ah
2,1,4,49.4791666666667,1,2,1,4,0,1,5,1,2,n31b2j4ah
2,0,2,6.77083333333333,1,4,1,2,0,1,6,1,2,n31b2j4ah
2,1,4,63.28125,1,2,1,3,0,2,7,1,2,n31b2j4ah
0,1,3,42.96875,1,2,1,2,1,3,8,1,2,n31b2j4ah
0,0,1,19.7916666666667,1,4,1,4,1,3,9,1,2,n31b2j4ah
2,1,4,41.6666666666667,1,4,1,4,1,3,10,1,2,n31b2j4ah
2,0,2,10.9375,1,4,1,4,1,2,11,1,2,n31b2j4ah
2,0,2,26.8229166666667,1,4,1,4,1,3,12,1,2,n31b2j4ah
0,1,3,63.28125,1,3,1,3,1,4,13,1,2,n31b2j4ah
2,0,2,20.8333333333333,1,4,1,4,1,4,14,1,2,n31b2j4ah
0,1,3,63.0208333333333,1,2,1,2,1,5,15,1,2,n31b2j4ah
2,1,4,44.0104166666667,1,4,1,4,1,4,16,1,2,n31b2j4ah
0,0,1,9.89583333333333,1,3,1,3,1,4,17,1,2,n31b2j4ah
0,0,1,30.9895833333333,1,4,1,4,1,5,18,1,2,n31b2j4ah
2,1,4,33.59375,1,3,1,3,1,5,19,1,2,n31b2j4ah
2,0,2,15.625,1,2,1,2,1,5,20,1,2,n31b2j4ah
0,0,1,35.6770833333333,1,3,1,3,1,1,1,2,3,n31b2j4ah
0,0,1,0.260416666666667,1,4,1,4,1,2,2,2,3,n31b2j4ah
0,1,3,58.0729166666667,1,2,1,2,1,1,3,2,3,n31b2j4ah
2,1,4,26.3020833333333,1,3,1,3,1,1,4,2,3,n31b2j4ah
2,0,2,14.84375,1,3,1,5,0,1,5,2,3,n31b2j4ah
0,1,3,72.3958333333333,1,4,1,4,1,2,6,2,3,n31b2j4ah
2,1,4,38.0208333333333,1,4,1,4,1,2,7,2,3,n31b2j4ah
2,0,2,5.72916666666667,1,2,1,2,1,2,8,2,3,n31b2j4ah
0,0,1,10.4166666666667,1,2,1,2,1,3,9,2,3,n31b2j4ah
2,1,4,25.78125,1,3,1,3,1,3,10,2,3,n31b2j4ah
0,0,1,8.59375,1,3,1,3,1,4,11,2,3,n31b2j4ah
2,0,2,5.72916666666667,1,1,1,2,0,3,12,2,3,n31b2j4ah
0,1,3,55.2083333333333,1,2,1,2,1,3,13,2,3,n31b2j4ah
0,1,3,39.84375,1,2,1,2,1,4,14,2,3,n31b2j4ah
2,0,2,3.90625,1,3,1,3,1,4,15,2,3,n31b2j4ah
2,1,4,25.5208333333333,1,4,1,5,0,4,16,2,3,n31b2j4ah
0,0,1,9.11458333333333,1,2,1,2,1,5,17,2,3,n31b2j4ah
2,0,2,6.25,1,2,1,2,1,5,18,2,3,n31b2j4ah
2,1,4,44.53125,1,3,1,3,1,5,19,2,3,n31b2j4ah
0,1,3,50,1,3,1,3,1,5,20,2,3,n31b2j4ah
0,1,3,60.4166666666667,1,4,1,4,1,1,1,3,6,n31b2j4ah
0,1,3,37.7604166666667,1,5,1,5,1,2,2,3,6,n31b2j4ah
0,0,1,8.59375,1,3,1,3,1,1,3,3,6,n31b2j4ah
0,1,3,75.78125,1,4,1,4,1,3,4,3,6,n31b2j4ah
2,1,4,34.375,1,3,1,2,0,1,5,3,6,n31b2j4ah
0,0,1,17.4479166666667,1,4,1,4,1,2,6,3,6,n31b2j4ah
0,0,1,26.5625,1,3,1,3,1,3,7,3,6,n31b2j4ah
0,1,3,63.0208333333333,1,4,1,4,1,4,8,3,6,n31b2j4ah
2,0,2,5.98958333333333,1,2,1,2,1,1,9,3,6,n31b2j4ah
2,1,4,41.9270833333333,1,2,1,3,0,2,10,3,6,n31b2j4ah
2,1,4,28.125,1,4,1,4,1,3,11,3,6,n31b2j4ah
2,0,2,7.55208333333333,1,2,1,3,0,2,12,3,6,n31b2j4ah
0,0,1,23.4375,1,5,1,5,1,4,13,3,6,n31b2j4ah
0,1,3,21.6145833333333,0,3,1,3,1,5,14,3,6,n31b2j4ah
2,0,2,NaN,0,0,0,3,0,3,15,3,6,n31b2j4ah
0,0,1,NaN,0,0,0,5,0,5,16,3,6,n31b2j4ah
2,1,4,NaN,0,0,0,2,0,4,17,3,6,n31b2j4ah
2,0,2,NaN,0,0,0,2,0,4,18,3,6,n31b2j4ah
2,0,2,NaN,0,0,0,4,0,5,19,3,6,n31b2j4ah
2,1,4,NaN,0,0,0,2,0,5,20,3,6,n31b2j4ah
0,1,3,57.1614583333333,1,3,1,3,1,1,1,1,4,n31m2hc54
0,0,1,30.46875,1,3,1,4,0,1,2,1,4,n31m2hc54
2,0,2,42.8385416666667,1,3,1,4,0,1,3,1,4,n31m2hc54
0,1,3,83.8541666666667,1,1,1,5,0,2,4,1,4,n31m2hc54
2,1,4,83.8541666666667,1,2,1,5,0,1,5,1,4,n31m2hc54
0,0,1,59.1145833333333,1,4,1,4,1,2,6,1,4,n31m2hc54
0,0,1,36.9791666666667,1,1,1,2,0,3,7,1,4,n31m2hc54
2,1,4,74.7395833333333,1,2,1,2,1,2,8,1,4,n31m2hc54
2,1,4,81.25,1,4,1,3,0,3,9,1,4,n31m2hc54
0,0,1,57.1614583333333,1,2,1,5,0,4,10,1,4,n31m2hc54
2,0,2,57.8125,1,1,1,3,0,2,11,1,4,n31m2hc54
0,1,3,89.0625,1,5,1,5,1,3,12,1,4,n31m2hc54
0,1,3,89.7135416666667,1,3,1,2,0,4,13,1,4,n31m2hc54
2,0,2,31.1197916666667,1,3,1,5,0,3,14,1,4,n31m2hc54
0,0,1,42.8385416666667,1,2,1,3,0,5,15,1,4,n31m2hc54
2,1,4,66.9270833333333,1,1,1,2,0,4,16,1,4,n31m2hc54
2,1,4,72.7864583333333,1,3,1,3,1,5,17,1,4,n31m2hc54
2,0,2,40.234375,1,4,1,4,1,4,18,1,4,n31m2hc54
2,1,4,76.0416666666667,1,3,1,3,1,6,19,1,4,n31m2hc54
0,0,1,34.375,1,4,1,3,0,6,20,1,4,n31m2hc54
0,0,1,53.2552083333333,1,4,1,4,1,1,1,2,10,n31m2hc54
0,1,3,67.578125,1,3,1,2,0,1,2,2,10,n31m2hc54
0,1,3,68.2291666666667,1,3,1,4,0,2,3,2,10,n31m2hc54
2,0,2,40.234375,1,2,1,3,0,1,4,2,10,n31m2hc54
2,1,4,77.9947916666667,1,4,1,4,1,1,5,2,10,n31m2hc54
2,1,4,67.578125,1,3,1,4,0,2,6,2,10,n31m2hc54
0,0,1,55.859375,1,2,1,4,0,2,7,2,10,n31m2hc54
2,0,2,30.46875,1,3,1,3,1,2,8,2,10,n31m2hc54
2,1,4,79.296875,1,3,1,2,0,3,9,2,10,n31m2hc54
2,1,4,75.390625,1,3,1,2,0,4,10,2,10,n31m2hc54
0,0,1,65.625,1,3,1,5,0,3,11,2,10,n31m2hc54
0,1,3,84.5052083333333,1,2,1,2,1,3,12,2,10,n31m2hc54
2,1,4,72.1354166666667,1,2,1,5,0,5,13,2,10,n31m2hc54
0,0,1,60.4166666666667,1,2,1,4,0,4,14,2,10,n31m2hc54
2,1,4,76.0416666666667,1,5,1,5,1,6,15,2,10,n31m2hc54
2,0,2,53.90625,1,2,1,2,1,3,16,2,10,n31m2hc54
2,0,2,40.234375,1,1,1,3,0,4,17,2,10,n31m2hc54
0,1,3,70.8333333333333,1,4,1,2,0,4,18,2,10,n31m2hc54
0,0,1,59.765625,1,2,1,5,0,5,19,2,10,n31m2hc54
0,0,1,67.578125,1,3,1,2,0,6,20,2,10,n31m2hc54
0,1,3,90.3645833333333,1,5,1,5,1,1,1,3,2,n31m2hc54
0,0,1,64.3229166666667,1,5,1,5,1,1,2,3,2,n31m2hc54
0,0,1,61.0677083333333,1,4,1,4,1,2,3,3,2,n31m2hc54
0,1,3,81.9010416666667,1,2,1,2,1,2,4,3,2,n31m2hc54
0,1,3,83.8541666666667,1,3,1,2,0,3,5,3,2,n31m2hc54
2,0,2,53.2552083333333,1,3,1,3,1,1,6,3,2,n31m2hc54
2,1,4,100,1,5,1,5,1,1,7,3,2,n31m2hc54
2,1,4,90.3645833333333,1,2,1,2,1,2,8,3,2,n31m2hc54
0,0,1,55.859375,1,4,1,2,0,3,9,3,2,n31m2hc54
0,1,3,84.5052083333333,1,2,1,2,1,4,10,3,2,n31m2hc54
2,0,2,38.28125,1,3,1,4,0,2,11,3,2,n31m2hc54
2,0,2,52.6041666666667,1,4,1,4,1,3,12,3,2,n31m2hc54
2,1,4,100,1,3,1,4,0,3,13,3,2,n31m2hc54
0,0,1,75.390625,1,3,1,3,1,4,14,3,2,n31m2hc54
2,1,4,86.4583333333333,1,3,1,4,0,4,15,3,2,n31m2hc54
0,1,3,76.6927083333333,1,3,1,3,1,5,16,3,2,n31m2hc54
2,0,2,72.1354166666667,1,5,1,4,0,4,17,3,2,n31m2hc54
0,0,1,59.1145833333333,1,3,1,2,0,5,18,3,2,n31m2hc54
0,1,3,79.9479166666667,1,5,1,4,0,6,19,3,2,n31m2hc54
2,0,2,39.5833333333333,1,2,1,2,1,5,20,3,2,n31m2hc54
0,1,3,60.6770833333333,1,4,1,4,1,1,1,1,2,n77tvqs26
0,0,1,14.84375,1,4,1,4,1,1,2,1,2,n77tvqs26
0,0,1,25.2604166666667,1,5,1,5,1,2,3,1,2,n77tvqs26
0,1,3,47.65625,1,2,1,2,1,2,4,1,2,n77tvqs26
2,1,4,30.9895833333333,1,4,1,3,0,1,5,1,2,n77tvqs26
2,0,2,21.09375,1,5,1,5,1,1,6,1,2,n77tvqs26
2,1,4,31.25,1,2,1,2,1,2,7,1,2,n77tvqs26
0,1,3,25.2604166666667,1,3,1,3,1,3,8,1,2,n77tvqs26
0,0,1,6.25,1,3,1,3,1,3,9,1,2,n77tvqs26
2,1,4,55.2083333333333,1,5,1,5,1,3,10,1,2,n77tvqs26
2,0,2,28.6458333333333,1,4,1,3,0,2,11,1,2,n77tvqs26
2,0,2,36.71875,1,3,1,3,1,3,12,1,2,n77tvqs26
0,1,3,58.3333333333333,1,4,1,4,1,4,13,1,2,n77tvqs26
2,0,2,22.9166666666667,1,3,1,3,1,4,14,1,2,n77tvqs26
0,1,3,17.96875,1,2,1,2,1,5,15,1,2,n77tvqs26
2,1,4,31.25,1,4,1,4,1,4,16,1,2,n77tvqs26
0,0,1,3.90625,1,2,1,2,1,4,17,1,2,n77tvqs26
0,0,1,20.3125,1,5,1,5,1,5,18,1,2,n77tvqs26
2,1,4,39.5833333333333,1,4,1,4,1,5,19,1,2,n77tvqs26
2,0,2,24.4791666666667,1,5,1,5,1,5,20,1,2,n77tvqs26
0,1,3,78.125,1,5,1,5,1,1,1,2,4,n77tvqs26
2,0,2,41.1458333333333,1,3,1,3,1,1,2,2,4,n77tvqs26
0,0,1,61.1979166666667,1,4,1,4,1,1,3,2,4,n77tvqs26
2,1,4,67.4479166666667,1,3,1,3,1,1,4,2,4,n77tvqs26
0,1,3,41.6666666666667,1,2,1,2,1,2,5,2,4,n77tvqs26
0,0,1,45.3125,1,5,1,5,1,2,6,2,4,n77tvqs26
2,0,2,54.9479166666667,1,3,1,3,1,2,7,2,4,n77tvqs26
2,1,4,60.4166666666667,1,4,1,4,1,2,8,2,4,n77tvqs26
0,1,3,70.8333333333333,1,5,1,5,1,3,9,2,4,n77tvqs26
2,0,2,59.8958333333333,1,4,1,4,1,3,10,2,4,n77tvqs26
0,0,1,42.96875,1,3,1,3,1,3,11,2,4,n77tvqs26
0,1,3,71.875,1,2,1,2,1,4,12,2,4,n77tvqs26
2,1,4,58.0729166666667,1,4,1,4,1,3,13,2,4,n77tvqs26
0,0,1,39.84375,1,3,1,3,1,4,14,2,4,n77tvqs26
2,0,2,57.5520833333333,1,4,1,5,0,4,15,2,4,n77tvqs26
2,1,4,37.7604166666667,1,5,1,5,1,4,16,2,4,n77tvqs26
2,1,4,60.9375,1,2,1,3,0,5,17,2,4,n77tvqs26
2,0,2,33.8541666666667,1,5,1,5,1,5,18,2,4,n77tvqs26
0,1,3,77.6041666666667,1,4,1,4,1,5,19,2,4,n77tvqs26
0,0,1,35.6770833333333,1,4,1,4,1,5,20,2,4,n77tvqs26
2,1,4,76.0416666666667,1,2,1,3,0,1,1,3,9,n77tvqs26
2,1,4,63.5416666666667,1,4,1,4,1,2,2,3,9,n77tvqs26
0,0,1,38.0208333333333,1,2,1,2,1,1,3,3,9,n77tvqs26
2,1,4,54.6875,1,5,1,5,1,3,4,3,9,n77tvqs26
0,1,3,60.15625,1,4,1,5,0,1,5,3,9,n77tvqs26
2,0,2,55.9895833333333,1,2,1,2,1,1,6,3,9,n77tvqs26
0,0,1,30.7291666666667,1,3,1,3,1,2,7,3,9,n77tvqs26
2,1,4,58.8541666666667,1,4,1,4,1,4,8,3,9,n77tvqs26
0,1,3,57.5520833333333,1,2,1,2,1,2,9,3,9,n77tvqs26
2,0,2,37.2395833333333,1,5,1,5,1,2,10,3,9,n77tvqs26
0,0,1,27.6041666666667,1,4,1,4,1,3,11,3,9,n77tvqs26
0,1,3,55.7291666666667,1,2,1,2,1,3,12,3,9,n77tvqs26
0,1,3,42.96875,1,2,1,2,1,4,13,3,9,n77tvqs26
2,0,2,37.5,1,3,1,2,0,3,14,3,9,n77tvqs26
2,0,2,32.5520833333333,1,2,1,2,1,4,15,3,9,n77tvqs26
2,1,4,43.4895833333333,1,3,1,3,1,5,16,3,9,n77tvqs26
0,0,1,24.4791666666667,1,2,1,2,1,4,17,3,9,n77tvqs26
0,1,3,63.8020833333333,1,3,1,3,1,5,18,3,9,n77tvqs26
2,0,2,35.4166666666667,1,5,1,5,1,5,19,3,9,n77tvqs26
0,0,1,15.8854166666667,1,3,1,3,1,5,20,3,9,n77tvqs26
0,0,1,35.15625,1,4,1,4,1,1,1,1,1,n9udwjm5g
0,0,1,35.4166666666667,1,5,1,5,1,2,2,1,1,n9udwjm5g
0,1,3,66.9270833333333,1,5,1,5,1,1,3,1,1,n9udwjm5g
2,1,4,65.1041666666667,1,2,1,3,0,1,4,1,1,n9udwjm5g
0,0,1,38.8020833333333,1,4,1,4,1,3,5,1,1,n9udwjm5g
0,1,3,76.0416666666667,1,2,1,2,1,2,6,1,1,n9udwjm5g
2,0,2,32.03125,1,2,1,2,1,1,7,1,1,n9udwjm5g
2,1,4,83.3333333333333,1,2,1,4,0,2,8,1,1,n9udwjm5g
2,1,4,65.8854166666667,1,4,1,4,1,3,9,1,1,n9udwjm5g
2,0,2,59.6354166666667,1,4,1,5,0,2,10,1,1,n9udwjm5g
0,1,3,80.2083333333333,1,2,1,2,1,3,11,1,1,n9udwjm5g
2,1,4,72.9166666666667,1,3,1,3,1,4,12,1,1,n9udwjm5g
2,0,2,44.53125,1,2,1,2,1,3,13,1,1,n9udwjm5g
0,0,1,38.5416666666667,1,2,1,2,1,4,14,1,1,n9udwjm5g
0,1,3,76.8229166666667,1,5,1,5,1,4,15,1,1,n9udwjm5g
2,1,4,70.3125,1,2,1,2,1,5,16,1,1,n9udwjm5g
0,0,1,59.1145833333333,1,3,1,3,1,5,17,1,1,n9udwjm5g
0,1,3,70.8333333333333,1,3,1,3,1,5,18,1,1,n9udwjm5g
2,0,2,40.8854166666667,1,3,1,3,1,4,19,1,1,n9udwjm5g
2,0,2,50,1,4,1,4,1,5,20,1,1,n9udwjm5g
0,1,3,50,1,3,1,3,1,1,1,2,2,n9udwjm5g
0,0,1,50,1,3,1,3,1,1,2,2,2,n9udwjm5g
0,0,1,44.0104166666667,1,5,1,5,1,2,3,2,2,n9udwjm5g
0,1,3,56.7708333333333,1,2,1,2,1,2,4,2,2,n9udwjm5g
2,1,4,63.0208333333333,1,2,1,2,1,1,5,2,2,n9udwjm5g
2,0,2,43.75,1,3,1,3,1,1,6,2,2,n9udwjm5g
2,1,4,69.0104166666667,1,3,1,2,0,2,7,2,2,n9udwjm5g
0,1,3,63.8020833333333,1,3,1,3,1,3,8,2,2,n9udwjm5g
0,0,1,43.2291666666667,1,3,1,3,1,3,9,2,2,n9udwjm5g
2,1,4,70.0520833333333,1,5,1,5,1,3,10,2,2,n9udwjm5g
2,0,2,22.9166666666667,1,2,1,3,0,2,11,2,2,n9udwjm5g
2,0,2,35.9375,1,3,1,3,1,3,12,2,2,n9udwjm5g
0,1,3,63.28125,1,4,1,4,1,4,13,2,2,n9udwjm5g
2,0,2,37.2395833333333,1,3,1,3,1,4,14,2,2,n9udwjm5g
0,1,3,69.0104166666667,1,4,1,4,1,5,15,2,2,n9udwjm5g
2,1,4,61.71875,1,2,1,2,1,4,16,2,2,n9udwjm5g
0,0,1,39.5833333333333,1,5,1,5,1,4,17,2,2,n9udwjm5g
0,0,1,30.46875,1,5,1,5,1,5,18,2,2,n9udwjm5g
2,1,4,63.8020833333333,1,4,1,5,0,5,19,2,2,n9udwjm5g
2,0,2,56.25,1,4,1,4,1,5,20,2,2,n9udwjm5g
0,1,3,59.1145833333333,1,3,1,5,0,1,1,3,4,n9udwjm5g
2,0,2,56.25,1,5,1,5,1,1,2,3,4,n9udwjm5g
0,0,1,37.2395833333333,1,4,1,4,1,1,3,3,4,n9udwjm5g
2,1,4,67.4479166666667,1,3,1,3,1,1,4,3,4,n9udwjm5g
0,1,3,66.6666666666667,1,5,1,5,1,2,5,3,4,n9udwjm5g
0,0,1,45.3125,1,5,1,5,1,2,6,3,4,n9udwjm5g
2,0,2,36.9791666666667,1,2,1,2,1,2,7,3,4,n9udwjm5g
2,1,4,73.9583333333333,1,5,1,5,1,2,8,3,4,n9udwjm5g
0,1,3,79.9479166666667,1,5,1,5,1,3,9,3,4,n9udwjm5g
2,0,2,59.375,1,5,1,5,1,3,10,3,4,n9udwjm5g
0,0,1,44.2708333333333,1,3,1,3,1,3,11,3,4,n9udwjm5g
0,1,3,87.2395833333333,1,5,1,5,1,4,12,3,4,n9udwjm5g
2,1,4,69.7916666666667,1,4,1,4,1,3,13,3,4,n9udwjm5g
0,0,1,50,1,3,1,3,1,4,14,3,4,n9udwjm5g
2,0,2,55.9895833333333,1,4,1,4,1,4,15,3,4,n9udwjm5g
2,1,4,72.65625,1,5,1,5,1,4,16,3,4,n9udwjm5g
2,1,4,67.7083333333333,1,2,1,2,1,5,17,3,4,n9udwjm5g
2,0,2,57.2916666666667,1,2,1,2,1,5,18,3,4,n9udwjm5g
0,1,3,75.2604166666667,1,5,1,5,1,5,19,3,4,n9udwjm5g
0,0,1,59.375,1,4,1,4,1,5,20,3,4,n9udwjm5g
0,0,1,88.0208333333333,1,4,1,4,1,1,1,1,10,nac91bvy7
0,1,3,17.1875,1,5,1,5,1,1,2,1,10,nac91bvy7
2,1,4,15.1041666666667,1,4,1,4,1,1,3,1,10,nac91bvy7
2,0,2,-0,1,1,1,2,0,1,4,1,10,nac91bvy7
2,1,4,67.7083333333333,1,3,1,3,1,2,5,1,10,nac91bvy7
0,1,3,67.4479166666667,1,5,1,5,1,2,6,1,10,nac91bvy7
2,0,2,11.71875,1,2,1,5,0,2,7,1,10,nac91bvy7
2,0,2,5.72916666666667,1,3,1,5,0,3,8,1,10,nac91bvy7
2,1,4,75.2604166666667,1,3,1,4,0,3,9,1,10,nac91bvy7
0,1,3,77.34375,1,3,1,3,1,3,10,1,10,nac91bvy7
0,0,1,57.5520833333333,1,4,1,5,0,2,11,1,10,nac91bvy7
2,1,4,57.5520833333333,1,5,1,5,1,4,12,1,10,nac91bvy7
0,1,3,90.3645833333333,1,2,1,2,1,4,13,1,10,nac91bvy7
2,0,2,63.0208333333333,1,4,1,4,1,4,14,1,10,nac91bvy7
2,1,4,78.90625,1,5,1,4,0,5,15,1,10,nac91bvy7
2,0,2,50,1,2,1,2,1,5,16,1,10,nac91bvy7
0,0,1,50,1,2,1,2,1,3,17,1,10,nac91bvy7
0,1,3,98.1770833333333,1,4,1,5,0,5,18,1,10,nac91bvy7
0,0,1,51.8229166666667,1,2,1,2,1,4,19,1,10,nac91bvy7
0,0,1,51.0416666666667,1,5,1,5,1,5,20,1,10,nac91bvy7
2,0,2,62.5,1,2,1,2,1,1,1,2,7,nac91bvy7
0,0,1,23.1770833333333,1,5,1,5,1,1,2,2,7,nac91bvy7
2,1,4,55.9895833333333,1,2,1,2,1,1,3,2,7,nac91bvy7
0,1,3,55.7291666666667,1,2,1,2,1,1,4,2,7,nac91bvy7
2,0,2,6.25,1,4,1,4,1,2,5,2,7,nac91bvy7
2,1,4,68.2291666666667,1,5,1,5,1,2,6,2,7,nac91bvy7
2,0,2,39.84375,1,4,1,4,1,3,7,2,7,nac91bvy7
0,0,1,49.7395833333333,1,5,1,5,1,2,8,2,7,nac91bvy7
0,1,3,97.1354166666667,1,3,1,3,1,2,9,2,7,nac91bvy7
0,0,1,50,1,4,1,3,0,3,10,2,7,nac91bvy7
0,0,1,50,1,4,1,4,1,4,11,2,7,nac91bvy7
2,1,4,69.2708333333333,1,3,1,5,0,3,12,2,7,nac91bvy7
2,1,4,76.8229166666667,1,2,1,5,0,4,13,2,7,nac91bvy7
0,0,1,61.4583333333333,1,3,1,3,1,5,14,2,7,nac91bvy7
0,1,3,85.15625,1,4,1,4,1,3,15,2,7,nac91bvy7
0,1,3,100,1,4,1,4,1,4,16,2,7,nac91bvy7
2,0,2,48.6979166666667,1,2,1,2,1,4,17,2,7,nac91bvy7
2,0,2,62.5,1,2,1,3,0,5,18,2,7,nac91bvy7
0,1,3,99.4791666666667,1,2,1,2,1,5,19,2,7,nac91bvy7
2,1,4,69.2708333333333,1,2,1,3,0,5,20,2,7,nac91bvy7
0,0,1,65.3645833333333,1,2,1,2,1,1,1,3,5,nac91bvy7
2,1,4,57.03125,1,2,1,2,1,1,2,3,5,nac91bvy7
2,0,2,29.9479166666667,1,2,1,3,0,1,3,3,5,nac91bvy7
2,0,2,46.09375,1,2,1,2,1,2,4,3,5,nac91bvy7
2,1,4,71.3541666666667,1,2,1,3,0,2,5,3,5,nac91bvy7
0,1,3,50,1,3,1,3,1,1,6,3,5,nac91bvy7
2,0,2,50,1,3,1,3,1,3,7,3,5,nac91bvy7
0,1,3,71.875,1,5,1,5,1,2,8,3,5,nac91bvy7
0,0,1,50,1,4,1,4,1,2,9,3,5,nac91bvy7
2,1,4,79.1666666666667,1,3,1,3,1,3,10,3,5,nac91bvy7
0,1,3,55.2083333333333,1,2,1,2,1,3,11,3,5,nac91bvy7
0,0,1,55.2083333333333,1,5,1,5,1,3,12,3,5,nac91bvy7
0,0,1,53.125,1,4,1,4,1,4,13,3,5,nac91bvy7
2,1,4,100,1,4,1,5,0,4,14,3,5,nac91bvy7
2,0,2,50,1,2,1,2,1,4,15,3,5,nac91bvy7
0,0,1,50,1,3,1,2,0,5,16,3,5,nac91bvy7
0,1,3,61.4583333333333,1,2,1,2,1,4,17,3,5,nac91bvy7
0,1,3,90.1041666666667,1,5,1,5,1,5,18,3,5,nac91bvy7
2,0,2,55.46875,1,3,1,4,0,5,19,3,5,nac91bvy7
2,1,4,93.4895833333333,1,4,1,5,0,5,20,3,5,nac91bvy7
0,1,3,79.4270833333333,1,5,1,5,1,1,1,1,4,naq5c8yyh
2,0,2,17.4479166666667,1,3,1,2,0,1,2,1,4,naq5c8yyh
0,0,1,16.9270833333333,1,3,1,3,1,1,3,1,4,naq5c8yyh
2,1,4,63.28125,1,1,1,2,0,1,4,1,4,naq5c8yyh
0,1,3,82.8125,1,3,1,3,1,2,5,1,4,naq5c8yyh
0,0,1,-0,1,3,1,3,1,2,6,1,4,naq5c8yyh
2,0,2,0,1,4,1,5,0,2,7,1,4,naq5c8yyh
2,1,4,80.7291666666667,1,4,1,3,0,2,8,1,4,naq5c8yyh
0,1,3,94.7916666666667,1,2,1,2,1,3,9,1,4,naq5c8yyh
2,0,2,13.28125,1,3,1,4,0,3,10,1,4,naq5c8yyh
0,0,1,-0,1,2,1,2,1,3,11,1,4,naq5c8yyh
0,1,3,84.8958333333333,1,4,1,4,1,4,12,1,4,naq5c8yyh
2,1,4,76.8229166666667,1,2,1,2,1,3,13,1,4,naq5c8yyh
0,0,1,-0,1,2,1,2,1,4,14,1,4,naq5c8yyh
2,0,2,-0,1,3,1,3,1,4,15,1,4,naq5c8yyh
2,1,4,84.375,1,3,1,5,0,4,16,1,4,naq5c8yyh
2,1,4,89.3229166666667,1,3,1,4,0,5,17,1,4,naq5c8yyh
2,0,2,13.5416666666667,1,3,1,4,0,5,18,1,4,naq5c8yyh
0,1,3,97.3958333333333,1,5,1,5,1,5,19,1,4,naq5c8yyh
0,0,1,17.96875,1,3,1,3,1,5,20,1,4,naq5c8yyh
0,0,1,89.3229166666667,1,4,1,4,1,1,1,2,5,naq5c8yyh
2,1,4,57.03125,1,5,1,5,1,1,2,2,5,naq5c8yyh
2,0,2,0,1,4,1,4,1,1,3,2,5,naq5c8yyh
2,0,2,14.0625,1,2,1,2,1,2,4,2,5,naq5c8yyh
2,1,4,73.6979166666667,1,5,1,5,1,2,5,2,5,naq5c8yyh
0,1,3,85.9375,1,5,1,5,1,1,6,2,5,naq5c8yyh
2,0,2,-0,1,3,1,2,0,3,7,2,5,naq5c8yyh
0,1,3,96.6145833333333,1,3,1,3,1,2,8,2,5,naq5c8yyh
0,0,1,3.125,1,5,1,5,1,2,9,2,5,naq5c8yyh
2,1,4,72.3958333333333,1,2,1,2,1,3,10,2,5,naq5c8yyh
0,1,3,100,1,5,1,5,1,3,11,2,5,naq5c8yyh
0,0,1,1.82291666666667,0,0,1,4,0,3,12,2,5,naq5c8yyh
0,0,1,59.6354166666667,1,3,1,3,1,4,13,2,5,naq5c8yyh
2,1,4,82.5520833333333,1,1,1,3,0,4,14,2,5,naq5c8yyh
2,0,2,9.89583333333333,1,2,1,2,1,4,15,2,5,naq5c8yyh
0,0,1,57.8125,1,0,1,5,0,5,16,2,5,naq5c8yyh
0,1,3,63.28125,1,3,1,3,1,4,17,2,5,naq5c8yyh
0,1,3,80.9895833333333,1,5,1,5,1,5,18,2,5,naq5c8yyh
2,0,2,16.6666666666667,1,1,1,3,0,5,19,2,5,naq5c8yyh
2,1,4,78.6458333333333,1,3,1,4,0,5,20,2,5,naq5c8yyh
0,0,1,85.4166666666667,1,2,1,2,1,1,1,3,1,naq5c8yyh
0,0,1,33.0729166666667,1,3,1,3,1,2,2,3,1,naq5c8yyh
0,1,3,64.3229166666667,1,3,1,3,1,1,3,3,1,naq5c8yyh
2,1,4,47.3958333333333,1,2,1,3,0,1,4,3,1,naq5c8yyh
0,0,1,-0,1,5,1,5,1,3,5,3,1,naq5c8yyh
0,1,3,98.9583333333333,1,2,1,2,1,2,6,3,1,naq5c8yyh
2,0,2,-0,1,2,1,2,1,1,7,3,1,naq5c8yyh
2,1,4,88.5416666666667,1,4,1,4,1,2,8,3,1,naq5c8yyh
2,1,4,74.21875,1,5,1,5,1,3,9,3,1,naq5c8yyh
2,0,2,-0,1,2,1,3,0,2,10,3,1,naq5c8yyh
0,1,3,96.6145833333333,1,3,1,3,1,3,11,3,1,naq5c8yyh
2,1,4,93.75,1,3,1,3,1,4,12,3,1,naq5c8yyh
2,0,2,65.8854166666667,1,4,1,4,1,3,13,3,1,naq5c8yyh
0,0,1,-0,1,3,1,3,1,4,14,3,1,naq5c8yyh
0,1,3,97.3958333333333,1,4,1,4,1,4,15,3,1,naq5c8yyh
2,1,4,64.5833333333333,1,4,1,5,0,5,16,3,1,naq5c8yyh
0,0,1,0.520833333333333,1,1,1,3,0,5,17,3,1,naq5c8yyh
0,1,3,80.2083333333333,1,5,1,5,1,5,18,3,1,naq5c8yyh
2,0,2,-0,1,4,1,4,1,4,19,3,1,naq5c8yyh
2,0,2,25,1,5,1,5,1,5,20,3,1,naq5c8yyh
0,1,3,74.21875,1,3,1,3,1,1,1,1,6,nbcpbv58w
0,1,3,62.2395833333333,1,5,1,5,1,2,2,1,6,nbcpbv58w
0,0,1,28.6458333333333,1,3,1,3,1,1,3,1,6,nbcpbv58w
0,1,3,61.1979166666667,1,5,1,5,1,3,4,1,6,nbcpbv58w
2,1,4,65.3645833333333,1,4,1,4,1,1,5,1,6,nbcpbv58w
0,0,1,50,1,4,1,4,1,2,6,1,6,nbcpbv58w
0,0,1,49.4791666666667,1,4,1,4,1,3,7,1,6,nbcpbv58w
0,1,3,76.3020833333333,1,5,1,5,1,4,8,1,6,nbcpbv58w
2,0,2,38.5416666666667,1,2,1,2,1,1,9,1,6,nbcpbv58w
2,1,4,78.90625,0,2,1,2,1,2,10,1,6,nbcpbv58w
2,1,4,78.90625,1,3,1,2,0,3,11,1,6,nbcpbv58w
2,0,2,43.4895833333333,1,2,1,2,1,2,12,1,6,nbcpbv58w
0,0,1,39.84375,1,3,1,3,1,4,13,1,6,nbcpbv58w
0,1,3,82.8125,1,4,1,4,1,5,14,1,6,nbcpbv58w
2,0,2,38.5416666666667,1,2,1,2,1,3,15,1,6,nbcpbv58w
0,0,1,50.2604166666667,1,4,1,4,1,5,16,1,6,nbcpbv58w
2,1,4,79.1666666666667,1,3,1,3,1,4,17,1,6,nbcpbv58w
2,0,2,42.96875,1,5,1,5,1,4,18,1,6,nbcpbv58w
2,0,2,45.0520833333333,1,3,1,3,1,5,19,1,6,nbcpbv58w
2,1,4,67.1875,1,4,1,5,0,5,20,1,6,nbcpbv58w
0,0,1,56.25,1,2,1,2,1,1,1,2,5,nbcpbv58w
2,1,4,50,1,5,1,5,1,1,2,2,5,nbcpbv58w
2,0,2,43.2291666666667,1,4,1,5,0,1,3,2,5,nbcpbv58w
2,0,2,15.8854166666667,1,3,1,4,0,2,4,2,5,nbcpbv58w
2,1,4,67.7083333333333,1,4,1,4,1,2,5,2,5,nbcpbv58w
0,1,3,73.1770833333333,1,4,1,4,1,1,6,2,5,nbcpbv58w
2,0,2,50,1,3,1,3,1,3,7,2,5,nbcpbv58w
0,1,3,70.5729166666667,1,4,1,4,1,2,8,2,5,nbcpbv58w
0,0,1,51.0416666666667,1,4,1,4,1,2,9,2,5,nbcpbv58w
2,1,4,74.4791666666667,1,4,1,3,0,3,10,2,5,nbcpbv58w
0,1,3,76.3020833333333,1,2,1,2,1,3,11,2,5,nbcpbv58w
0,0,1,50.78125,1,4,1,4,1,3,12,2,5,nbcpbv58w
0,0,1,46.09375,1,5,1,5,1,4,13,2,5,nbcpbv58w
2,1,4,77.34375,1,3,1,3,1,4,14,2,5,nbcpbv58w
2,0,2,48.4375,1,5,1,5,1,4,15,2,5,nbcpbv58w
0,0,1,52.34375,1,5,1,5,1,5,16,2,5,nbcpbv58w
0,1,3,73.6979166666667,1,5,1,5,1,4,17,2,5,nbcpbv58w
0,1,3,79.9479166666667,1,2,1,2,1,5,18,2,5,nbcpbv58w
2,0,2,50.2604166666667,1,4,1,4,1,5,19,2,5,nbcpbv58w
2,1,4,71.09375,1,2,1,2,1,5,20,2,5,nbcpbv58w
2,1,4,47.9166666666667,1,5,1,5,1,1,1,3,8,nbcpbv58w
0,0,1,9.11458333333333,1,0,1,2,0,1,2,3,8,nbcpbv58w
0,1,3,16.1458333333333,1,2,1,2,1,1,3,3,8,nbcpbv58w
0,1,3,46.09375,1,3,1,3,1,2,4,3,8,nbcpbv58w
0,0,1,16.9270833333333,1,5,1,5,1,2,5,3,8,nbcpbv58w
2,1,4,55.2083333333333,1,4,1,5,0,2,6,3,8,nbcpbv58w
2,0,2,45.5729166666667,1,2,1,2,1,1,7,3,8,nbcpbv58w
2,0,2,32.2916666666667,1,4,1,4,1,2,8,3,8,nbcpbv58w
2,1,4,64.84375,1,3,1,3,1,3,9,3,8,nbcpbv58w
0,0,1,44.2708333333333,1,4,1,4,1,3,10,3,8,nbcpbv58w
2,0,2,49.4791666666667,1,2,1,2,1,3,11,3,8,nbcpbv58w
0,1,3,71.875,1,4,1,4,1,3,12,3,8,nbcpbv58w
0,0,1,53.125,1,5,1,5,1,4,13,3,8,nbcpbv58w
2,0,2,45.8333333333333,1,3,1,3,1,4,14,3,8,nbcpbv58w
0,1,3,74.4791666666667,1,3,1,3,1,4,15,3,8,nbcpbv58w
0,1,3,80.46875,1,2,1,2,1,5,16,3,8,nbcpbv58w
0,0,1,54.1666666666667,1,5,1,5,1,5,17,3,8,nbcpbv58w
2,1,4,66.6666666666667,1,4,1,4,1,4,18,3,8,nbcpbv58w
2,1,4,75.78125,1,2,1,2,1,5,19,3,8,nbcpbv58w
2,0,2,46.6145833333333,1,4,1,5,0,5,20,3,8,nbcpbv58w
2,1,4,36.71875,1,4,1,5,0,1,1,1,8,nc1vnxq32
0,0,1,55.46875,1,5,1,5,1,1,2,1,8,nc1vnxq32
0,1,3,78.3854166666667,1,3,1,3,1,1,3,1,8,nc1vnxq32
0,1,3,83.0729166666667,1,5,1,5,1,2,4,1,8,nc1vnxq32
0,0,1,62.7604166666667,1,3,1,3,1,2,5,1,8,nc1vnxq32
2,1,4,56.25,1,2,1,2,1,2,6,1,8,nc1vnxq32
2,0,2,55.2083333333333,1,5,1,5,1,1,7,1,8,nc1vnxq32
2,0,2,63.0208333333333,1,3,1,5,0,2,8,1,8,nc1vnxq32
2,1,4,69.7916666666667,1,2,1,2,1,3,9,1,8,nc1vnxq32
0,0,1,78.125,1,4,1,4,1,3,10,1,8,nc1vnxq32
2,0,2,45.3125,1,3,1,3,1,3,11,1,8,nc1vnxq32
0,1,3,86.1979166666667,1,4,1,4,1,3,12,1,8,nc1vnxq32
0,0,1,62.2395833333333,1,2,1,2,1,4,13,1,8,nc1vnxq32
2,0,2,45.8333333333333,1,4,1,4,1,4,14,1,8,nc1vnxq32
0,1,3,91.9270833333333,1,5,1,5,1,4,15,1,8,nc1vnxq32
0,1,3,78.125,1,4,1,4,1,5,16,1,8,nc1vnxq32
0,0,1,58.59375,1,2,1,2,1,5,17,1,8,nc1vnxq32
2,1,4,72.3958333333333,1,4,1,4,1,4,18,1,8,nc1vnxq32
2,1,4,58.3333333333333,1,4,1,4,1,5,19,1,8,nc1vnxq32
2,0,2,46.3541666666667,1,3,1,3,1,5,20,1,8,nc1vnxq32
2,1,4,72.1354166666667,1,4,1,4,1,1,1,2,9,nc1vnxq32
2,1,4,58.59375,1,5,1,5,1,2,2,2,9,nc1vnxq32
0,0,1,40.8854166666667,1,3,1,3,1,1,3,2,9,nc1vnxq32
2,1,4,69.0104166666667,1,4,1,4,1,3,4,2,9,nc1vnxq32
0,1,3,65.1041666666667,1,3,1,3,1,1,5,2,9,nc1vnxq32
2,0,2,55.2083333333333,1,3,1,3,1,1,6,2,9,nc1vnxq32
0,0,1,64.84375,1,2,1,2,1,2,7,2,9,nc1vnxq32
2,1,4,78.125,1,1,1,2,0,4,8,2,9,nc1vnxq32
0,1,3,80.2083333333333,1,4,1,4,1,2,9,2,9,nc1vnxq32
2,0,2,65.8854166666667,1,3,1,3,1,2,10,2,9,nc1vnxq32
0,0,1,76.0416666666667,1,2,1,2,1,3,11,2,9,nc1vnxq32
0,1,3,40.3645833333333,1,2,1,2,1,3,12,2,9,nc1vnxq32
0,1,3,74.4791666666667,1,4,1,4,1,4,13,2,9,nc1vnxq32
2,0,2,57.8125,1,2,1,2,1,3,14,2,9,nc1vnxq32
2,0,2,65.3645833333333,1,5,1,5,1,4,15,2,9,nc1vnxq32
2,1,4,75.78125,1,1,1,2,0,5,16,2,9,nc1vnxq32
0,0,1,82.2916666666667,1,2,1,2,1,4,17,2,9,nc1vnxq32
0,1,3,79.4270833333333,1,5,1,5,1,5,18,2,9,nc1vnxq32
2,0,2,64.84375,1,3,1,3,1,5,19,2,9,nc1vnxq32
0,0,1,61.9791666666667,1,4,1,4,1,5,20,2,9,nc1vnxq32
0,0,1,75.5208333333333,1,2,1,2,1,1,1,3,3,nc1vnxq32
0,0,1,45.3125,1,5,1,5,1,2,2,3,3,nc1vnxq32
0,1,3,65.1041666666667,1,5,1,5,1,1,3,3,3,nc1vnxq32
2,1,4,61.1979166666667,1,3,1,3,1,1,4,3,3,nc1vnxq32
2,0,2,39.84375,1,5,1,5,1,1,5,3,3,nc1vnxq32
0,1,3,87.2395833333333,1,3,1,3,1,2,6,3,3,nc1vnxq32
2,1,4,62.7604166666667,1,3,1,3,1,2,7,3,3,nc1vnxq32
2,0,2,44.2708333333333,1,1,1,2,0,2,8,3,3,nc1vnxq32
0,0,1,80.9895833333333,1,4,1,4,1,3,9,3,3,nc1vnxq32
2,1,4,71.6145833333333,1,2,1,2,1,3,10,3,3,nc1vnxq32
0,0,1,41.40625,1,4,1,4,1,4,11,3,3,nc1vnxq32
2,0,2,39.3229166666667,1,5,1,5,1,3,12,3,3,nc1vnxq32
0,1,3,70.3125,1,2,1,2,1,3,13,3,3,nc1vnxq32
0,1,3,80.46875,1,5,1,5,1,4,14,3,3,nc1vnxq32
2,0,2,78.3854166666667,1,4,1,4,1,4,15,3,3,nc1vnxq32
2,1,4,73.4375,1,3,1,3,1,4,16,3,3,nc1vnxq32
0,0,1,63.28125,1,3,1,3,1,5,17,3,3,nc1vnxq32
2,0,2,44.0104166666667,1,4,1,4,1,5,18,3,3,nc1vnxq32
2,1,4,71.3541666666667,1,4,1,4,1,5,19,3,3,nc1vnxq32
0,1,3,74.7395833333333,1,4,1,5,0,5,20,3,3,nc1vnxq32
0,1,3,84.6354166666667,1,5,1,5,1,1,1,1,6,ncyxh2x44
0,1,3,64.3229166666667,1,4,1,4,1,2,2,1,6,ncyxh2x44
0,0,1,43.4895833333333,1,3,1,3,1,1,3,1,6,ncyxh2x44
0,1,3,58.59375,1,2,1,2,1,3,4,1,6,ncyxh2x44
2,1,4,41.6666666666667,1,3,1,3,1,1,5,1,6,ncyxh2x44
0,0,1,38.28125,1,2,1,2,1,2,6,1,6,ncyxh2x44
0,0,1,39.5833333333333,1,3,1,3,1,3,7,1,6,ncyxh2x44
0,1,3,49.7395833333333,1,2,1,2,1,4,8,1,6,ncyxh2x44
2,0,2,28.90625,1,3,1,2,0,1,9,1,6,ncyxh2x44
2,1,4,62.7604166666667,1,5,1,5,1,2,10,1,6,ncyxh2x44
2,1,4,57.5520833333333,1,5,1,5,1,3,11,1,6,ncyxh2x44
2,0,2,39.0625,1,3,1,3,1,2,12,1,6,ncyxh2x44
0,0,1,37.5,1,3,1,3,1,4,13,1,6,ncyxh2x44
0,1,3,85.9375,1,5,1,5,1,5,14,1,6,ncyxh2x44
2,0,2,37.5,1,2,1,2,1,3,15,1,6,ncyxh2x44
0,0,1,34.8958333333333,1,2,1,2,1,5,16,1,6,ncyxh2x44
2,1,4,58.3333333333333,1,3,1,3,1,4,17,1,6,ncyxh2x44
2,0,2,50,1,4,1,4,1,4,18,1,6,ncyxh2x44
2,0,2,32.03125,1,1,1,2,0,5,19,1,6,ncyxh2x44
2,1,4,71.09375,1,5,1,5,1,5,20,1,6,ncyxh2x44
0,0,1,56.7708333333333,1,4,1,4,1,1,1,2,10,ncyxh2x44
0,1,3,85.15625,1,2,1,2,1,1,2,2,10,ncyxh2x44
2,1,4,61.9791666666667,1,4,1,4,1,1,3,2,10,ncyxh2x44
2,0,2,59.375,1,5,1,5,1,1,4,2,10,ncyxh2x44
2,1,4,68.2291666666667,1,4,1,4,1,2,5,2,10,ncyxh2x44
0,1,3,68.75,1,4,1,4,1,2,6,2,10,ncyxh2x44
2,0,2,37.5,1,5,1,5,1,2,7,2,10,ncyxh2x44
2,0,2,32.03125,1,2,1,2,1,3,8,2,10,ncyxh2x44
2,1,4,69.0104166666667,1,2,1,2,1,3,9,2,10,ncyxh2x44
0,1,3,69.2708333333333,1,2,1,2,1,3,10,2,10,ncyxh2x44
0,0,1,64.84375,1,2,1,2,1,2,11,2,10,ncyxh2x44
2,1,4,76.3020833333333,1,5,1,5,1,4,12,2,10,ncyxh2x44
0,1,3,85.15625,1,4,1,4,1,4,13,2,10,ncyxh2x44
2,0,2,35.6770833333333,1,2,1,2,1,4,14,2,10,ncyxh2x44
2,1,4,83.8541666666667,1,5,1,5,1,5,15,2,10,ncyxh2x44
2,0,2,30.2083333333333,1,2,1,2,1,5,16,2,10,ncyxh2x44
0,0,1,50,1,4,1,4,1,3,17,2,10,ncyxh2x44
0,1,3,83.8541666666667,1,4,1,4,1,5,18,2,10,ncyxh2x44
0,0,1,50,1,4,1,4,1,4,19,2,10,ncyxh2x44
0,0,1,41.6666666666667,1,2,1,2,1,5,20,2,10,ncyxh2x44
0,0,1,41.9270833333333,1,4,0,5,0,1,1,3,5,ncyxh2x44
2,1,4,84.8958333333333,1,5,1,5,1,1,2,3,5,ncyxh2x44
2,0,2,56.25,1,5,1,5,1,1,3,3,5,ncyxh2x44
2,0,2,56.5104166666667,1,3,1,3,1,2,4,3,5,ncyxh2x44
2,1,4,83.8541666666667,1,4,1,4,1,2,5,3,5,ncyxh2x44
0,1,3,74.21875,1,2,1,2,1,1,6,3,5,ncyxh2x44
2,0,2,50,1,3,1,3,1,3,7,3,5,ncyxh2x44
0,1,3,80.7291666666667,1,2,1,2,1,2,8,3,5,ncyxh2x44
0,0,1,55.9895833333333,1,4,1,4,1,2,9,3,5,ncyxh2x44
2,1,4,78.125,1,2,1,2,1,3,10,3,5,ncyxh2x44
0,1,3,72.3958333333333,1,4,1,4,1,3,11,3,5,ncyxh2x44
0,0,1,37.7604166666667,1,5,1,5,1,3,12,3,5,ncyxh2x44
0,0,1,37.7604166666667,1,4,1,4,1,4,13,3,5,ncyxh2x44
2,1,4,78.3854166666667,1,3,1,4,0,4,14,3,5,ncyxh2x44
2,0,2,39.0625,1,4,1,4,1,4,15,3,5,ncyxh2x44
0,0,1,39.84375,1,5,1,5,1,5,16,3,5,ncyxh2x44
0,1,3,79.6875,1,2,1,2,1,4,17,3,5,ncyxh2x44
0,1,3,87.7604166666667,1,4,1,4,1,5,18,3,5,ncyxh2x44
2,0,2,44.0104166666667,1,3,1,3,1,5,19,3,5,ncyxh2x44
2,1,4,86.1979166666667,1,5,1,5,1,5,20,3,5,ncyxh2x44
2,0,2,23.4375,1,2,1,2,1,1,1,1,7,nd48b2k8f
0,0,1,25.78125,1,2,1,2,1,1,2,1,7,nd48b2k8f
2,1,4,4.16666666666667,1,3,1,3,1,1,3,1,7,nd48b2k8f
0,1,3,16.9270833333333,1,5,1,5,1,1,4,1,7,nd48b2k8f
2,0,2,2.86458333333333,1,5,1,4,0,2,5,1,7,nd48b2k8f
2,1,4,84.375,1,5,1,5,1,2,6,1,7,nd48b2k8f
2,0,2,2.34375,1,3,1,3,1,3,7,1,7,nd48b2k8f
0,0,1,1.30208333333333,1,4,1,4,1,2,8,1,7,nd48b2k8f
0,1,3,90.625,1,2,1,2,1,2,9,1,7,nd48b2k8f
0,0,1,1.04166666666667,1,4,1,4,1,3,10,1,7,nd48b2k8f
0,0,1,7.55208333333333,1,3,1,3,1,4,11,1,7,nd48b2k8f
2,1,4,83.59375,1,3,1,4,0,3,12,1,7,nd48b2k8f
2,1,4,71.875,1,4,1,4,1,4,13,1,7,nd48b2k8f
0,0,1,6.77083333333333,1,4,1,4,1,5,14,1,7,nd48b2k8f
0,1,3,95.5729166666667,1,4,1,4,1,3,15,1,7,nd48b2k8f
0,1,3,91.1458333333333,1,2,1,2,1,4,16,1,7,nd48b2k8f
2,0,2,54.4270833333333,1,5,1,4,0,4,17,1,7,nd48b2k8f
2,0,2,55.7291666666667,1,3,1,3,1,5,18,1,7,nd48b2k8f
0,1,3,92.96875,1,5,1,5,1,5,19,1,7,nd48b2k8f
2,1,4,61.1979166666667,1,3,1,4,0,5,20,1,7,nd48b2k8f
0,0,1,76.3020833333333,1,4,1,4,1,1,1,2,1,nd48b2k8f
0,0,1,54.4270833333333,1,2,1,2,1,2,2,2,1,nd48b2k8f
0,1,3,57.03125,1,4,1,4,1,1,3,2,1,nd48b2k8f
2,1,4,72.65625,1,4,1,4,1,1,4,2,1,nd48b2k8f
0,0,1,25.5208333333333,1,4,1,4,1,3,5,2,1,nd48b2k8f
0,1,3,89.5833333333333,1,3,1,3,1,2,6,2,1,nd48b2k8f
2,0,2,3.125,1,4,1,3,0,1,7,2,1,nd48b2k8f
2,1,4,91.6666666666667,1,4,1,2,0,2,8,2,1,nd48b2k8f
2,1,4,75.2604166666667,1,5,1,5,1,3,9,2,1,nd48b2k8f
2,0,2,9.63541666666667,1,4,1,3,0,2,10,2,1,nd48b2k8f
0,1,3,97.9166666666667,1,2,1,2,1,3,11,2,1,nd48b2k8f
2,1,4,89.3229166666667,1,4,1,5,0,4,12,2,1,nd48b2k8f
2,0,2,-0,1,5,1,3,0,3,13,2,1,nd48b2k8f
0,0,1,5.20833333333333,1,5,1,5,1,4,14,2,1,nd48b2k8f
0,1,3,93.2291666666667,1,4,1,4,1,4,15,2,1,nd48b2k8f
2,1,4,66.6666666666667,1,3,1,4,0,5,16,2,1,nd48b2k8f
0,0,1,-0,1,3,1,4,0,5,17,2,1,nd48b2k8f
0,1,3,98.4375,1,4,1,4,1,5,18,2,1,nd48b2k8f
2,0,2,7.55208333333333,1,4,1,4,1,4,19,2,1,nd48b2k8f
2,0,2,3.90625,1,5,1,5,1,5,20,2,1,nd48b2k8f
0,0,1,93.2291666666667,1,3,1,2,0,1,1,3,10,nd48b2k8f
0,1,3,26.3020833333333,1,4,1,4,1,1,2,3,10,nd48b2k8f
2,1,4,25,1,5,1,4,0,1,3,3,10,nd48b2k8f
2,0,2,2.60416666666667,1,3,1,2,0,1,4,3,10,nd48b2k8f
2,1,4,3.38541666666667,1,3,1,2,0,2,5,3,10,nd48b2k8f
0,1,3,46.875,1,3,1,3,1,2,6,3,10,nd48b2k8f
2,0,2,9.11458333333333,1,2,1,3,0,2,7,3,10,nd48b2k8f
2,0,2,5.20833333333333,1,3,1,5,0,3,8,3,10,nd48b2k8f
2,1,4,67.7083333333333,1,3,1,3,1,3,9,3,10,nd48b2k8f
0,1,3,73.6979166666667,1,3,1,3,1,3,10,3,10,nd48b2k8f
0,0,1,45.5729166666667,1,4,1,4,1,2,11,3,10,nd48b2k8f
2,1,4,71.6145833333333,1,3,1,3,1,4,12,3,10,nd48b2k8f
0,1,3,77.6041666666667,1,3,1,3,1,4,13,3,10,nd48b2k8f
2,0,2,22.3958333333333,1,4,1,2,0,4,14,3,10,nd48b2k8f
2,1,4,87.7604166666667,1,2,1,2,1,5,15,3,10,nd48b2k8f
2,0,2,7.55208333333333,1,4,1,5,0,5,16,3,10,nd48b2k8f
0,0,1,12.7604166666667,1,4,1,4,1,3,17,3,10,nd48b2k8f
0,1,3,94.7916666666667,1,4,1,4,1,5,18,3,10,nd48b2k8f
0,0,1,3.90625,1,5,1,5,1,4,19,3,10,nd48b2k8f
0,0,1,16.1458333333333,1,4,1,4,1,5,20,3,10,nd48b2k8f
0,0,1,57.2916666666667,1,5,1,5,1,1,1,1,1,ndg47kzx3
0,0,1,32.5520833333333,1,4,1,4,1,2,2,1,1,ndg47kzx3
0,1,3,37.5,1,4,1,4,1,1,3,1,1,ndg47kzx3
2,1,4,41.6666666666667,1,2,1,4,0,1,4,1,1,ndg47kzx3
0,0,1,42.7083333333333,1,4,1,4,1,3,5,1,1,ndg47kzx3
0,1,3,57.03125,1,4,1,3,0,2,6,1,1,ndg47kzx3
2,0,2,38.0208333333333,1,4,1,3,0,1,7,1,1,ndg47kzx3
2,1,4,54.9479166666667,1,3,1,3,1,2,8,1,1,ndg47kzx3
2,1,4,55.9895833333333,1,2,1,2,1,3,9,1,1,ndg47kzx3
2,0,2,42.96875,1,2,1,4,0,2,10,1,1,ndg47kzx3
0,1,3,64.0625,1,3,1,3,1,3,11,1,1,ndg47kzx3
2,1,4,64.3229166666667,1,3,1,5,0,4,12,1,1,ndg47kzx3
2,0,2,40.3645833333333,1,4,1,4,1,3,13,1,1,ndg47kzx3
0,0,1,34.1145833333333,1,4,1,4,1,4,14,1,1,ndg47kzx3
0,1,3,78.125,1,5,1,5,1,4,15,1,1,ndg47kzx3
2,1,4,64.0625,1,2,1,3,0,5,16,1,1,ndg47kzx3
0,0,1,40.625,1,4,1,4,1,5,17,1,1,ndg47kzx3
0,1,3,68.2291666666667,1,2,1,2,1,5,18,1,1,ndg47kzx3
2,0,2,40.3645833333333,1,2,1,5,0,4,19,1,1,ndg47kzx3
2,0,2,35.6770833333333,1,2,1,3,0,5,20,1,1,ndg47kzx3
2,0,2,64.5833333333333,1,2,1,2,1,1,1,2,7,ndg47kzx3
0,0,1,39.3229166666667,1,4,1,4,1,1,2,2,7,ndg47kzx3
2,1,4,70.5729166666667,1,4,1,4,1,1,3,2,7,ndg47kzx3
0,1,3,77.34375,1,5,1,5,1,1,4,2,7,ndg47kzx3
2,0,2,39.0625,1,5,1,5,1,2,5,2,7,ndg47kzx3
2,1,4,69.2708333333333,1,2,1,3,0,2,6,2,7,ndg47kzx3
2,0,2,41.40625,1,2,1,2,1,3,7,2,7,ndg47kzx3
0,0,1,35.9375,1,5,1,5,1,2,8,2,7,ndg47kzx3
0,1,3,70.8333333333333,1,4,1,3,0,2,9,2,7,ndg47kzx3
0,0,1,34.6354166666667,1,4,1,3,0,3,10,2,7,ndg47kzx3
0,0,1,33.59375,1,3,1,3,1,4,11,2,7,ndg47kzx3
2,1,4,44.53125,1,2,1,2,1,3,12,2,7,ndg47kzx3
2,1,4,66.9270833333333,1,4,1,2,0,4,13,2,7,ndg47kzx3
0,0,1,38.8020833333333,1,3,1,4,0,5,14,2,7,ndg47kzx3
0,1,3,67.96875,1,2,1,2,1,3,15,2,7,ndg47kzx3
0,1,3,71.09375,1,3,1,3,1,4,16,2,7,ndg47kzx3
2,0,2,39.3229166666667,1,4,1,4,1,4,17,2,7,ndg47kzx3
2,0,2,44.0104166666667,1,0,1,4,0,5,18,2,7,ndg47kzx3
0,1,3,81.25,1,4,1,4,1,5,19,2,7,ndg47kzx3
2,1,4,71.09375,1,4,1,4,1,5,20,2,7,ndg47kzx3
0,0,1,58.0729166666667,1,5,1,5,1,1,1,3,3,ndg47kzx3
0,0,1,38.0208333333333,1,4,1,4,1,2,2,3,3,ndg47kzx3
0,1,3,57.5520833333333,1,2,1,2,1,1,3,3,3,ndg47kzx3
2,1,4,67.1875,1,2,1,4,0,1,4,3,3,ndg47kzx3
2,0,2,44.2708333333333,1,3,1,5,0,1,5,3,3,ndg47kzx3
0,1,3,74.4791666666667,1,3,1,3,1,2,6,3,3,ndg47kzx3
2,1,4,66.6666666666667,1,4,1,3,0,2,7,3,3,ndg47kzx3
2,0,2,41.9270833333333,1,3,1,5,0,2,8,3,3,ndg47kzx3
0,0,1,32.2916666666667,1,5,1,5,1,3,9,3,3,ndg47kzx3
2,1,4,71.875,1,2,1,4,0,3,10,3,3,ndg47kzx3
0,0,1,26.8229166666667,1,5,1,5,1,4,11,3,3,ndg47kzx3
2,0,2,36.71875,1,3,1,3,1,3,12,3,3,ndg47kzx3
0,1,3,85.4166666666667,1,5,1,5,1,3,13,3,3,ndg47kzx3
0,1,3,72.65625,1,4,1,4,1,4,14,3,3,ndg47kzx3
2,0,2,33.3333333333333,1,1,1,2,0,4,15,3,3,ndg47kzx3
2,1,4,71.6145833333333,1,3,1,5,0,4,16,3,3,ndg47kzx3
0,0,1,32.2916666666667,1,3,1,3,1,5,17,3,3,ndg47kzx3
2,0,2,37.2395833333333,1,1,1,3,0,5,18,3,3,ndg47kzx3
2,1,4,76.3020833333333,1,2,1,4,0,5,19,3,3,ndg47kzx3
0,1,3,76.0416666666667,1,4,1,4,1,5,20,3,3,ndg47kzx3
2,0,2,16.9270833333333,1,2,1,3,0,1,1,1,7,nfcfcyq9f
0,0,1,-0,1,2,1,2,1,1,2,1,7,nfcfcyq9f
2,1,4,44.0104166666667,1,4,1,5,0,1,3,1,7,nfcfcyq9f
0,1,3,55.7291666666667,1,2,1,2,1,1,4,1,7,nfcfcyq9f
2,0,2,-0,1,3,1,3,1,2,5,1,7,nfcfcyq9f
2,1,4,-0,1,3,1,5,0,2,6,1,7,nfcfcyq9f
2,0,2,-0,1,4,1,4,1,3,7,1,7,nfcfcyq9f
0,0,1,-0,1,3,1,3,1,2,8,1,7,nfcfcyq9f
0,1,3,57.03125,1,2,1,2,1,2,9,1,7,nfcfcyq9f
0,0,1,-0,1,2,1,2,1,3,10,1,7,nfcfcyq9f
0,0,1,-0,1,3,1,3,1,4,11,1,7,nfcfcyq9f
2,1,4,60.9375,1,5,1,5,1,3,12,1,7,nfcfcyq9f
2,1,4,7.55208333333333,1,4,1,4,1,4,13,1,7,nfcfcyq9f
0,0,1,-0,1,3,1,3,1,5,14,1,7,nfcfcyq9f
0,1,3,69.53125,1,5,1,5,1,3,15,1,7,nfcfcyq9f
0,1,3,6.77083333333333,1,3,1,3,1,4,16,1,7,nfcfcyq9f
2,0,2,5.46875,1,4,1,4,1,4,17,1,7,nfcfcyq9f
2,0,2,-0,1,5,1,5,1,5,18,1,7,nfcfcyq9f
0,1,3,78.90625,1,4,1,4,1,5,19,1,7,nfcfcyq9f
2,1,4,60.4166666666667,1,3,1,3,1,5,20,1,7,nfcfcyq9f
2,1,4,96.3541666666667,1,3,1,2,0,1,1,2,8,nfcfcyq9f
0,0,1,72.9166666666667,1,5,1,5,1,1,2,2,8,nfcfcyq9f
0,1,3,73.4375,1,5,1,5,1,1,3,2,8,nfcfcyq9f
0,1,3,69.7916666666667,1,3,1,3,1,2,4,2,8,nfcfcyq9f
0,0,1,6.77083333333333,1,4,1,4,1,2,5,2,8,nfcfcyq9f
2,1,4,55.9895833333333,1,2,1,2,1,2,6,2,8,nfcfcyq9f
2,0,2,55.2083333333333,1,4,1,3,0,1,7,2,8,nfcfcyq9f
2,0,2,5.46875,1,3,1,4,0,2,8,2,8,nfcfcyq9f
2,1,4,70.3125,1,3,1,3,1,3,9,2,8,nfcfcyq9f
0,0,1,55.9895833333333,1,5,1,5,1,3,10,2,8,nfcfcyq9f
2,0,2,4.42708333333333,1,3,1,3,1,3,11,2,8,nfcfcyq9f
0,1,3,76.3020833333333,1,4,1,4,1,3,12,2,8,nfcfcyq9f
0,0,1,4.94791666666667,1,5,1,5,1,4,13,2,8,nfcfcyq9f
2,0,2,32.2916666666667,1,3,1,4,0,4,14,2,8,nfcfcyq9f
0,1,3,55.2083333333333,1,5,1,5,1,4,15,2,8,nfcfcyq9f
0,1,3,60.9375,1,3,1,3,1,5,16,2,8,nfcfcyq9f
0,0,1,59.1145833333333,1,3,1,3,1,5,17,2,8,nfcfcyq9f
2,1,4,61.9791666666667,1,3,1,3,1,4,18,2,8,nfcfcyq9f
2,1,4,61.9791666666667,1,2,1,4,0,5,19,2,8,nfcfcyq9f
2,0,2,4.42708333333333,1,5,1,5,1,5,20,2,8,nfcfcyq9f
0,0,1,55.7291666666667,1,2,1,2,1,1,1,3,5,nfcfcyq9f
2,1,4,55.7291666666667,1,2,1,3,0,1,2,3,5,nfcfcyq9f
2,0,2,8.85416666666667,1,2,1,2,1,1,3,3,5,nfcfcyq9f
2,0,2,10.9375,1,4,1,4,1,2,4,3,5,nfcfcyq9f
2,1,4,58.59375,1,3,1,4,0,2,5,3,5,nfcfcyq9f
0,1,3,60.6770833333333,1,4,1,4,1,1,6,3,5,nfcfcyq9f
2,0,2,6.51041666666667,1,3,1,2,0,3,7,3,5,nfcfcyq9f
0,1,3,54.9479166666667,1,5,1,5,1,2,8,3,5,nfcfcyq9f
0,0,1,62.7604166666667,1,3,1,3,1,2,9,3,5,nfcfcyq9f
2,1,4,69.7916666666667,1,2,1,3,0,3,10,3,5,nfcfcyq9f
0,1,3,79.9479166666667,1,5,1,5,1,3,11,3,5,nfcfcyq9f
0,0,1,56.5104166666667,1,4,1,5,0,3,12,3,5,nfcfcyq9f
0,0,1,13.5416666666667,1,4,1,4,1,4,13,3,5,nfcfcyq9f
2,1,4,64.0625,1,3,1,5,0,4,14,3,5,nfcfcyq9f
2,0,2,15.8854166666667,1,0,1,2,0,4,15,3,5,nfcfcyq9f
0,0,1,9.11458333333333,1,4,1,4,1,5,16,3,5,nfcfcyq9f
0,1,3,67.7083333333333,1,4,1,4,1,4,17,3,5,nfcfcyq9f
0,1,3,81.7708333333333,1,5,1,5,1,5,18,3,5,nfcfcyq9f
2,0,2,28.3854166666667,1,3,1,3,1,5,19,3,5,nfcfcyq9f
2,1,4,58.59375,1,2,1,3,0,5,20,3,5,nfcfcyq9f
0,1,3,55.7291666666667,1,4,1,4,1,1,1,1,2,ng5hanbbj
0,0,1,46.6145833333333,1,3,1,3,1,1,2,1,2,ng5hanbbj
0,0,1,44.2708333333333,1,3,1,3,1,2,3,1,2,ng5hanbbj
0,1,3,65.625,1,4,1,4,1,2,4,1,2,ng5hanbbj
2,1,4,60.9375,1,3,1,4,0,1,5,1,2,ng5hanbbj
2,0,2,37.2395833333333,1,2,1,3,0,1,6,1,2,ng5hanbbj
2,1,4,58.3333333333333,1,3,1,4,0,2,7,1,2,ng5hanbbj
0,1,3,71.3541666666667,1,5,1,5,1,3,8,1,2,ng5hanbbj
0,0,1,50,1,3,1,3,1,3,9,1,2,ng5hanbbj
2,1,4,60.4166666666667,1,3,1,2,0,3,10,1,2,ng5hanbbj
2,0,2,44.2708333333333,1,5,1,5,1,2,11,1,2,ng5hanbbj
2,0,2,50,1,3,1,4,0,3,12,1,2,ng5hanbbj
0,1,3,84.6354166666667,1,5,1,5,1,4,13,1,2,ng5hanbbj
2,0,2,45.0520833333333,1,3,1,5,0,4,14,1,2,ng5hanbbj
0,1,3,89.5833333333333,1,2,1,2,1,5,15,1,2,ng5hanbbj
2,1,4,72.9166666666667,1,4,1,5,0,4,16,1,2,ng5hanbbj
0,0,1,69.0104166666667,1,4,1,4,1,4,17,1,2,ng5hanbbj
0,0,1,56.5104166666667,1,2,1,2,1,5,18,1,2,ng5hanbbj
2,1,4,60.9375,1,3,1,2,0,5,19,1,2,ng5hanbbj
2,0,2,45.8333333333333,1,3,1,5,0,5,20,1,2,ng5hanbbj
0,0,1,56.25,1,3,1,3,1,1,1,2,1,ng5hanbbj
0,0,1,50,1,3,1,3,1,2,2,2,1,ng5hanbbj
0,1,3,54.9479166666667,1,5,1,5,1,1,3,2,1,ng5hanbbj
2,1,4,64.3229166666667,1,3,1,4,0,1,4,2,1,ng5hanbbj
0,0,1,28.6458333333333,1,4,1,5,0,3,5,2,1,ng5hanbbj
0,1,3,64.84375,1,3,1,3,1,2,6,2,1,ng5hanbbj
2,0,2,50,1,4,1,5,0,1,7,2,1,ng5hanbbj
2,1,4,68.75,1,2,1,2,1,2,8,2,1,ng5hanbbj
2,1,4,60.9375,1,2,1,3,0,3,9,2,1,ng5hanbbj
2,0,2,50,1,2,1,2,1,2,10,2,1,ng5hanbbj
0,1,3,83.59375,1,4,1,4,1,3,11,2,1,ng5hanbbj
2,1,4,67.7083333333333,1,3,1,2,0,4,12,2,1,ng5hanbbj
2,0,2,61.9791666666667,1,3,1,2,0,3,13,2,1,ng5hanbbj
0,0,1,50,1,3,1,3,1,4,14,2,1,ng5hanbbj
0,1,3,86.4583333333333,1,3,1,3,1,4,15,2,1,ng5hanbbj
2,1,4,73.9583333333333,1,4,1,3,0,5,16,2,1,ng5hanbbj
0,0,1,69.0104166666667,1,4,1,4,1,5,17,2,1,ng5hanbbj
0,1,3,76.3020833333333,1,3,1,3,1,5,18,2,1,ng5hanbbj
2,0,2,58.0729166666667,1,3,1,4,0,4,19,2,1,ng5hanbbj
2,0,2,66.6666666666667,1,3,1,5,0,5,20,2,1,ng5hanbbj
0,0,1,50,1,3,1,3,1,1,1,3,5,ng5hanbbj
2,1,4,50,1,2,1,2,1,1,2,3,5,ng5hanbbj
2,0,2,36.1979166666667,1,3,1,4,0,1,3,3,5,ng5hanbbj
2,0,2,28.90625,1,2,1,4,0,2,4,3,5,ng5hanbbj
2,1,4,62.7604166666667,1,5,1,4,0,2,5,3,5,ng5hanbbj
0,1,3,62.7604166666667,1,3,1,3,1,1,6,3,5,ng5hanbbj
2,0,2,50,1,3,1,4,0,3,7,3,5,ng5hanbbj
0,1,3,82.03125,1,2,1,2,1,2,8,3,5,ng5hanbbj
0,0,1,58.8541666666667,1,4,1,4,1,2,9,3,5,ng5hanbbj
2,1,4,57.2916666666667,1,4,1,5,0,3,10,3,5,ng5hanbbj
0,1,3,63.28125,1,5,1,5,1,3,11,3,5,ng5hanbbj
0,0,1,71.3541666666667,1,4,1,4,1,3,12,3,5,ng5hanbbj
0,0,1,67.4479166666667,1,2,1,2,1,4,13,3,5,ng5hanbbj
2,1,4,53.90625,1,3,1,3,1,4,14,3,5,ng5hanbbj
2,0,2,36.4583333333333,1,3,1,3,1,4,15,3,5,ng5hanbbj
0,0,1,67.7083333333333,1,3,1,3,1,5,16,3,5,ng5hanbbj
0,1,3,90.8854166666667,1,5,1,5,1,4,17,3,5,ng5hanbbj
0,1,3,86.1979166666667,1,4,1,4,1,5,18,3,5,ng5hanbbj
2,0,2,66.6666666666667,1,4,1,4,1,5,19,3,5,ng5hanbbj
2,1,4,73.1770833333333,1,3,1,4,0,5,20,3,5,ng5hanbbj
0,0,1,73.1770833333333,1,3,1,3,1,1,1,1,3,ngnxd2q49
0,0,1,9.375,1,5,1,5,1,2,2,1,3,ngnxd2q49
0,1,3,66.6666666666667,1,3,1,3,1,1,3,1,3,ngnxd2q49
2,1,4,50,1,4,1,2,0,1,4,1,3,ngnxd2q49
2,0,2,11.4583333333333,1,3,1,3,1,1,5,1,3,ngnxd2q49
0,1,3,86.1979166666667,1,5,1,5,1,2,6,1,3,ngnxd2q49
2,1,4,76.5625,1,5,1,5,1,2,7,1,3,ngnxd2q49
2,0,2,50,1,3,1,3,1,2,8,1,3,ngnxd2q49
0,0,1,19.0104166666667,1,4,1,4,1,3,9,1,3,ngnxd2q49
2,1,4,83.8541666666667,1,2,1,2,1,3,10,1,3,ngnxd2q49
0,0,1,61.1979166666667,1,4,1,4,1,4,11,1,3,ngnxd2q49
2,0,2,56.5104166666667,1,5,1,5,1,3,12,1,3,ngnxd2q49
0,1,3,74.4791666666667,1,2,1,2,1,3,13,1,3,ngnxd2q49
0,1,3,68.2291666666667,1,3,1,3,1,4,14,1,3,ngnxd2q49
2,0,2,56.7708333333333,1,4,1,4,1,4,15,1,3,ngnxd2q49
2,1,4,78.90625,1,5,1,5,1,4,16,1,3,ngnxd2q49
0,0,1,14.84375,1,1,1,3,0,5,17,1,3,ngnxd2q49
2,0,2,4.94791666666667,1,3,1,3,1,5,18,1,3,ngnxd2q49
2,1,4,61.4583333333333,1,4,1,4,1,5,19,1,3,ngnxd2q49
0,1,3,64.84375,1,3,1,4,0,5,20,1,3,ngnxd2q49
2,1,4,80.9895833333333,1,3,1,3,1,1,1,2,8,ngnxd2q49
0,0,1,60.6770833333333,1,3,1,3,1,1,2,2,8,ngnxd2q49
0,1,3,76.0416666666667,1,4,1,4,1,1,3,2,8,ngnxd2q49
0,1,3,68.75,1,4,1,4,1,2,4,2,8,ngnxd2q49
0,0,1,41.9270833333333,1,2,1,2,1,2,5,2,8,ngnxd2q49
2,1,4,80.46875,1,3,1,3,1,2,6,2,8,ngnxd2q49
2,0,2,13.8020833333333,1,2,1,2,1,1,7,2,8,ngnxd2q49
2,0,2,0.260416666666667,1,4,1,4,1,2,8,2,8,ngnxd2q49
2,1,4,78.6458333333333,1,4,1,4,1,3,9,2,8,ngnxd2q49
0,0,1,-0,1,4,1,4,1,3,10,2,8,ngnxd2q49
2,0,2,5.46875,1,3,1,5,0,3,11,2,8,ngnxd2q49
0,1,3,77.8645833333333,1,2,1,2,1,3,12,2,8,ngnxd2q49
0,0,1,56.25,1,5,1,5,1,4,13,2,8,ngnxd2q49
2,0,2,50,1,5,1,5,1,4,14,2,8,ngnxd2q49
0,1,3,79.4270833333333,1,5,1,5,1,4,15,2,8,ngnxd2q49
0,1,3,76.3020833333333,1,3,1,4,0,5,16,2,8,ngnxd2q49
0,0,1,64.3229166666667,1,3,1,2,0,5,17,2,8,ngnxd2q49
2,1,4,77.0833333333333,1,2,1,2,1,4,18,2,8,ngnxd2q49
2,1,4,76.5625,1,2,1,2,1,5,19,2,8,ngnxd2q49
2,0,2,56.5104166666667,1,3,1,2,0,5,20,2,8,ngnxd2q49
2,1,4,85.15625,1,2,1,2,1,1,1,3,9,ngnxd2q49
2,1,4,58.8541666666667,1,4,1,4,1,2,2,3,9,ngnxd2q49
0,0,1,14.5833333333333,1,5,1,5,1,1,3,3,9,ngnxd2q49
2,1,4,61.9791666666667,1,3,1,4,0,3,4,3,9,ngnxd2q49
0,1,3,76.5625,1,5,1,5,1,1,5,3,9,ngnxd2q49
2,0,2,-0,1,3,1,5,0,1,6,3,9,ngnxd2q49
0,0,1,4.16666666666667,1,3,1,3,1,2,7,3,9,ngnxd2q49
2,1,4,70.8333333333333,1,5,1,3,0,4,8,3,9,ngnxd2q49
0,1,3,71.875,1,2,1,2,1,2,9,3,9,ngnxd2q49
2,0,2,3.125,1,4,1,4,1,2,10,3,9,ngnxd2q49
0,0,1,-0,1,3,1,4,0,3,11,3,9,ngnxd2q49
0,1,3,77.6041666666667,1,5,1,5,1,3,12,3,9,ngnxd2q49
0,1,3,77.8645833333333,1,2,1,3,0,4,13,3,9,ngnxd2q49
2,0,2,7.8125,1,4,1,4,1,3,14,3,9,ngnxd2q49
2,0,2,-0,1,4,1,5,0,4,15,3,9,ngnxd2q49
2,1,4,77.8645833333333,1,1,1,3,0,5,16,3,9,ngnxd2q49
0,0,1,25,1,4,1,5,0,4,17,3,9,ngnxd2q49
0,1,3,79.6875,1,4,1,4,1,5,18,3,9,ngnxd2q49
2,0,2,-0,1,5,1,5,1,5,19,3,9,ngnxd2q49
0,0,1,15.3645833333333,1,5,1,5,1,5,20,3,9,ngnxd2q49
2,1,4,13.8020833333333,1,3,1,5,0,1,1,1,8,nj48vw9pw
0,0,1,14.84375,1,4,1,4,1,1,2,1,8,nj48vw9pw
0,1,3,71.3541666666667,1,5,1,5,1,1,3,1,8,nj48vw9pw
0,1,3,63.28125,1,4,1,4,1,2,4,1,8,nj48vw9pw
0,0,1,60.6770833333333,1,4,1,4,1,2,5,1,8,nj48vw9pw
2,1,4,44.2708333333333,1,5,1,5,1,2,6,1,8,nj48vw9pw
2,0,2,30.46875,1,5,1,5,1,1,7,1,8,nj48vw9pw
2,0,2,8.59375,1,3,1,3,1,2,8,1,8,nj48vw9pw
2,1,4,33.3333333333333,1,3,1,4,0,3,9,1,8,nj48vw9pw
0,0,1,66.9270833333333,1,2,1,2,1,3,10,1,8,nj48vw9pw
2,0,2,39.0625,1,4,1,4,1,3,11,1,8,nj48vw9pw
0,1,3,60.4166666666667,1,4,1,4,1,3,12,1,8,nj48vw9pw
0,0,1,59.6354166666667,1,4,1,4,1,4,13,1,8,nj48vw9pw
2,0,2,25.2604166666667,1,4,1,4,1,4,14,1,8,nj48vw9pw
0,1,3,75,1,2,1,2,1,4,15,1,8,nj48vw9pw
0,1,3,62.2395833333333,1,2,1,2,1,5,16,1,8,nj48vw9pw
0,0,1,17.96875,1,2,1,2,1,5,17,1,8,nj48vw9pw
2,1,4,19.7916666666667,1,2,1,2,1,4,18,1,8,nj48vw9pw
2,1,4,35.4166666666667,1,4,1,4,1,5,19,1,8,nj48vw9pw
2,0,2,19.0104166666667,1,2,1,2,1,5,20,1,8,nj48vw9pw
2,0,2,11.1979166666667,1,4,1,4,1,1,1,2,7,nj48vw9pw
0,0,1,9.63541666666667,1,2,1,2,1,1,2,2,7,nj48vw9pw
2,1,4,12.7604166666667,1,3,1,3,1,1,3,2,7,nj48vw9pw
0,1,3,60.4166666666667,1,5,1,5,1,1,4,2,7,nj48vw9pw
2,0,2,9.63541666666667,1,3,1,3,1,2,5,2,7,nj48vw9pw
2,1,4,20.3125,1,4,1,4,1,2,6,2,7,nj48vw9pw
2,0,2,27.0833333333333,1,2,1,2,1,3,7,2,7,nj48vw9pw
0,0,1,23.1770833333333,1,3,1,3,1,2,8,2,7,nj48vw9pw
0,1,3,61.9791666666667,1,4,1,4,1,2,9,2,7,nj48vw9pw
0,0,1,10.15625,1,3,1,3,1,3,10,2,7,nj48vw9pw
0,0,1,3.64583333333333,1,3,1,4,0,4,11,2,7,nj48vw9pw
2,1,4,58.0729166666667,1,5,1,5,1,3,12,2,7,nj48vw9pw
2,1,4,33.59375,1,4,1,4,1,4,13,2,7,nj48vw9pw
0,0,1,22.3958333333333,1,5,1,5,1,5,14,2,7,nj48vw9pw
0,1,3,59.1145833333333,1,2,1,2,1,3,15,2,7,nj48vw9pw
0,1,3,57.5520833333333,1,4,1,4,1,4,16,2,7,nj48vw9pw
2,0,2,14.5833333333333,1,2,1,2,1,4,17,2,7,nj48vw9pw
2,0,0,0,0,0,0,0,0,0,18,2,7,nj48vw9pw
0,1,0,0,0,0,0,0,0,0,19,2,7,nj48vw9pw
2,1,0,0,0,0,0,0,0,0,20,2,7,nj48vw9pw
0,1,3,61.71875,1,4,1,4,1,1,1,3,2,nj48vw9pw
0,0,1,13.5416666666667,1,5,1,5,1,1,2,3,2,nj48vw9pw
0,0,1,16.1458333333333,1,4,1,4,1,2,3,3,2,nj48vw9pw
0,1,3,66.6666666666667,1,5,1,5,1,2,4,3,2,nj48vw9pw
2,1,4,21.3541666666667,1,4,1,5,0,1,5,3,2,nj48vw9pw
2,0,2,10.15625,1,3,1,4,0,1,6,3,2,nj48vw9pw
2,1,4,23.4375,1,2,1,2,1,2,7,3,2,nj48vw9pw
0,1,3,71.09375,1,5,1,5,1,3,8,3,2,nj48vw9pw
0,0,1,20.0520833333333,1,3,1,3,1,3,9,3,2,nj48vw9pw
2,1,4,25.2604166666667,1,3,1,5,0,3,10,3,2,nj48vw9pw
2,0,2,15.1041666666667,1,2,1,2,1,2,11,3,2,nj48vw9pw
2,0,2,17.4479166666667,1,5,1,5,1,3,12,3,2,nj48vw9pw
0,1,3,66.9270833333333,1,4,1,4,1,4,13,3,2,nj48vw9pw
2,0,2,20.5729166666667,1,2,1,2,1,4,14,3,2,nj48vw9pw
0,1,3,60.9375,1,4,1,4,1,5,15,3,2,nj48vw9pw
2,1,4,24.21875,1,4,1,4,1,4,16,3,2,nj48vw9pw
0,0,1,22.65625,1,3,1,3,1,4,17,3,2,nj48vw9pw
0,0,1,10.9375,1,5,1,5,1,5,18,3,2,nj48vw9pw
2,1,4,41.9270833333333,1,2,1,3,0,5,19,3,2,nj48vw9pw
2,0,2,17.96875,1,3,1,3,1,5,20,3,2,nj48vw9pw
0,0,1,38.28125,1,2,1,2,1,1,1,1,1,nkqrue7qv
0,0,1,22.65625,1,4,1,5,0,2,2,1,1,nkqrue7qv
0,1,3,52.6041666666667,1,5,1,5,1,1,3,1,1,nkqrue7qv
2,1,4,54.9479166666667,1,4,1,4,1,1,4,1,1,nkqrue7qv
0,0,1,24.7395833333333,1,2,1,2,1,3,5,1,1,nkqrue7qv
0,1,3,55.2083333333333,1,4,1,4,1,2,6,1,1,nkqrue7qv
2,0,2,18.2291666666667,1,1,1,2,0,1,7,1,1,nkqrue7qv
2,1,4,44.7916666666667,1,3,1,4,0,2,8,1,1,nkqrue7qv
2,1,4,65.3645833333333,1,2,1,3,0,3,9,1,1,nkqrue7qv
2,0,2,33.59375,1,2,1,2,1,2,10,1,1,nkqrue7qv
0,1,3,75.78125,1,5,1,5,1,3,11,1,1,nkqrue7qv
2,1,4,28.3854166666667,1,3,1,4,0,4,12,1,1,nkqrue7qv
2,0,2,54.6875,1,2,1,3,0,3,13,1,1,nkqrue7qv
0,0,1,58.59375,1,3,1,5,0,4,14,1,1,nkqrue7qv
0,1,3,68.75,1,3,1,5,0,4,15,1,1,nkqrue7qv
2,1,4,57.5520833333333,1,2,1,4,0,5,16,1,1,nkqrue7qv
0,0,1,56.7708333333333,1,5,1,5,1,5,17,1,1,nkqrue7qv
0,1,3,76.8229166666667,1,5,1,2,0,5,18,1,1,nkqrue7qv
2,0,2,62.7604166666667,1,2,1,2,1,4,19,1,1,nkqrue7qv
2,0,2,60.6770833333333,1,2,1,2,1,5,20,1,1,nkqrue7qv
0,0,1,44.0104166666667,1,2,1,3,0,1,1,2,3,nkqrue7qv
0,0,1,44.7916666666667,1,5,1,5,1,2,2,2,3,nkqrue7qv
0,1,3,55.7291666666667,1,5,1,5,1,1,3,2,3,nkqrue7qv
2,1,4,60.6770833333333,1,3,1,4,0,1,4,2,3,nkqrue7qv
2,0,2,43.2291666666667,1,3,1,4,0,1,5,2,3,nkqrue7qv
0,1,3,60.6770833333333,1,2,1,2,1,2,6,2,3,nkqrue7qv
2,1,4,57.03125,1,3,1,3,1,2,7,2,3,nkqrue7qv
2,0,2,56.5104166666667,1,4,1,5,0,2,8,2,3,nkqrue7qv
0,0,1,66.40625,1,5,1,5,1,3,9,2,3,nkqrue7qv
2,1,4,68.75,1,2,1,4,0,3,10,2,3,nkqrue7qv
0,0,1,60.15625,1,3,1,3,1,4,11,2,3,nkqrue7qv
2,0,2,52.6041666666667,1,2,1,2,1,3,12,2,3,nkqrue7qv
0,1,3,65.625,1,3,1,3,1,3,13,2,3,nkqrue7qv
0,1,3,72.1354166666667,1,5,1,5,1,4,14,2,3,nkqrue7qv
2,0,2,61.71875,1,4,1,5,0,4,15,2,3,nkqrue7qv
2,1,4,68.75,1,2,1,2,1,4,16,2,3,nkqrue7qv
0,0,1,58.8541666666667,1,3,1,3,1,5,17,2,3,nkqrue7qv
2,0,2,56.5104166666667,1,3,1,3,1,5,18,2,3,nkqrue7qv
2,1,4,78.3854166666667,1,3,1,2,0,5,19,2,3,nkqrue7qv
0,1,3,77.8645833333333,1,4,1,4,1,5,20,2,3,nkqrue7qv
0,1,3,70.0520833333333,1,3,1,3,1,1,1,3,2,nkqrue7qv
0,0,1,32.8125,1,2,1,2,1,1,2,3,2,nkqrue7qv
0,0,1,61.9791666666667,1,3,1,5,0,2,3,3,2,nkqrue7qv
0,1,3,66.1458333333333,1,3,1,3,1,2,4,3,2,nkqrue7qv
2,1,4,65.8854166666667,1,4,1,4,1,1,5,3,2,nkqrue7qv
2,0,2,57.2916666666667,1,3,1,5,0,1,6,3,2,nkqrue7qv
2,1,4,77.8645833333333,1,3,1,3,1,2,7,3,2,nkqrue7qv
0,1,3,76.0416666666667,1,4,1,4,1,3,8,3,2,nkqrue7qv
0,0,1,63.28125,1,3,1,3,1,3,9,3,2,nkqrue7qv
2,1,4,70.3125,1,4,1,5,0,3,10,3,2,nkqrue7qv
2,0,2,55.9895833333333,1,0,0,5,0,2,11,3,2,nkqrue7qv
2,0,2,60.9375,1,3,1,4,0,3,12,3,2,nkqrue7qv
0,1,3,69.53125,1,5,1,5,1,4,13,3,2,nkqrue7qv
2,0,2,70.5729166666667,1,3,1,5,0,4,14,3,2,nkqrue7qv
0,1,3,79.1666666666667,1,2,1,2,1,5,15,3,2,nkqrue7qv
2,1,4,69.0104166666667,1,5,1,5,1,4,16,3,2,nkqrue7qv
0,0,1,69.0104166666667,1,4,1,4,1,4,17,3,2,nkqrue7qv
0,0,1,71.09375,1,3,1,2,0,5,18,3,2,nkqrue7qv
2,1,4,71.09375,1,3,1,4,0,5,19,3,2,nkqrue7qv
2,0,2,70.3125,1,0,0,3,0,5,20,3,2,nkqrue7qv
0,0,1,60.9375,1,4,1,4,1,1,1,1,1,nkt3c6715
0,0,1,63.5416666666667,1,5,1,5,1,2,2,1,1,nkt3c6715
0,1,3,79.6875,1,2,1,2,1,1,3,1,1,nkt3c6715
2,1,4,56.25,1,5,1,5,1,1,4,1,1,nkt3c6715
0,0,1,31.5104166666667,1,2,1,2,1,3,5,1,1,nkt3c6715
0,1,3,56.7708333333333,1,5,1,5,1,2,6,1,1,nkt3c6715
2,0,2,34.8958333333333,1,2,1,2,1,1,7,1,1,nkt3c6715
2,1,4,60.9375,1,3,1,4,0,2,8,1,1,nkt3c6715
2,1,4,60.6770833333333,1,4,1,5,0,3,9,1,1,nkt3c6715
2,0,2,56.25,1,3,1,3,1,2,10,1,1,nkt3c6715
0,1,3,55.9895833333333,1,4,1,4,1,3,11,1,1,nkt3c6715
2,1,4,45.8333333333333,1,3,1,5,0,4,12,1,1,nkt3c6715
2,0,2,45.8333333333333,1,2,1,2,1,3,13,1,1,nkt3c6715
0,0,1,45.3125,1,3,1,3,1,4,14,1,1,nkt3c6715
0,1,3,73.4375,1,3,1,3,1,4,15,1,1,nkt3c6715
2,1,4,60.6770833333333,1,4,1,5,0,5,16,1,1,nkt3c6715
0,0,1,38.0208333333333,1,3,1,2,0,5,17,1,1,nkt3c6715
0,1,3,82.2916666666667,1,5,1,5,1,5,18,1,1,nkt3c6715
2,0,2,19.2708333333333,1,2,1,3,0,4,19,1,1,nkt3c6715
2,0,2,26.3020833333333,1,2,1,4,0,5,20,1,1,nkt3c6715
0,0,1,61.1979166666667,1,2,1,2,1,1,1,2,5,nkt3c6715
2,1,4,55.46875,1,4,1,5,0,1,2,2,5,nkt3c6715
2,0,2,41.40625,1,5,1,5,1,1,3,2,5,nkt3c6715
2,0,2,35.4166666666667,1,1,1,4,0,2,4,2,5,nkt3c6715
2,1,4,67.4479166666667,1,2,1,2,1,2,5,2,5,nkt3c6715
0,1,3,61.4583333333333,1,5,1,5,1,1,6,2,5,nkt3c6715
2,0,2,31.5104166666667,1,4,1,4,1,3,7,2,5,nkt3c6715
0,1,3,63.0208333333333,1,2,1,2,1,2,8,2,5,nkt3c6715
0,0,1,28.6458333333333,1,5,1,5,1,2,9,2,5,nkt3c6715
2,1,4,55.9895833333333,1,3,1,3,1,3,10,2,5,nkt3c6715
0,1,3,47.1354166666667,1,3,1,3,1,3,11,2,5,nkt3c6715
0,0,1,39.5833333333333,1,5,1,5,1,3,12,2,5,nkt3c6715
0,0,1,33.3333333333333,1,4,1,4,1,4,13,2,5,nkt3c6715
2,1,4,38.28125,1,3,1,5,0,4,14,2,5,nkt3c6715
2,0,2,35.15625,1,2,1,3,0,4,15,2,5,nkt3c6715
0,0,1,32.5520833333333,1,4,1,4,1,5,16,2,5,nkt3c6715
0,1,3,65.625,1,4,1,4,1,4,17,2,5,nkt3c6715
0,1,3,56.25,1,4,1,4,1,5,18,2,5,nkt3c6715
2,0,2,40.625,1,1,1,2,0,5,19,2,5,nkt3c6715
2,1,4,63.0208333333333,1,2,1,3,0,5,20,2,5,nkt3c6715
2,1,4,88.8020833333333,1,2,1,3,0,1,1,3,9,nkt3c6715
2,1,4,65.8854166666667,1,2,1,2,1,2,2,3,9,nkt3c6715
0,0,1,56.7708333333333,1,3,1,3,1,1,3,3,9,nkt3c6715
2,1,4,54.9479166666667,1,2,1,2,1,3,4,3,9,nkt3c6715
0,1,3,65.1041666666667,1,2,1,2,1,1,5,3,9,nkt3c6715
2,0,2,55.7291666666667,1,5,1,5,1,1,6,3,9,nkt3c6715
0,0,1,45.8333333333333,1,2,1,2,1,2,7,3,9,nkt3c6715
2,1,4,60.4166666666667,1,2,1,4,0,4,8,3,9,nkt3c6715
0,1,3,67.96875,1,2,1,2,1,2,9,3,9,nkt3c6715
2,0,2,33.0729166666667,1,2,1,2,1,2,10,3,9,nkt3c6715
0,0,1,51.3020833333333,1,5,1,5,1,3,11,3,9,nkt3c6715
0,1,3,78.125,1,4,1,4,1,3,12,3,9,nkt3c6715
0,1,3,58.8541666666667,1,5,1,5,1,4,13,3,9,nkt3c6715
2,0,2,54.6875,1,2,1,2,1,3,14,3,9,nkt3c6715
2,0,2,33.3333333333333,1,3,1,3,1,4,15,3,9,nkt3c6715
2,1,4,70.0520833333333,1,1,1,2,0,5,16,3,9,nkt3c6715
0,0,1,50,1,5,1,5,1,4,17,3,9,nkt3c6715
0,1,3,89.0625,1,2,1,2,1,5,18,3,9,nkt3c6715
2,0,2,54.9479166666667,1,2,1,2,1,5,19,3,9,nkt3c6715
0,0,1,62.2395833333333,1,3,1,3,1,5,20,3,9,nkt3c6715
0,1,3,67.4479166666667,1,5,1,5,1,1,1,1,6,nmwtrkjq9
0,1,3,54.1666666666667,1,2,1,2,1,2,2,1,6,nmwtrkjq9
0,0,1,29.4270833333333,1,4,1,4,1,1,3,1,6,nmwtrkjq9
0,1,3,54.6875,1,1,1,2,0,3,4,1,6,nmwtrkjq9
2,1,4,44.53125,1,1,1,2,0,1,5,1,6,nmwtrkjq9
0,0,1,46.875,1,3,1,3,1,2,6,1,6,nmwtrkjq9
0,0,1,36.1979166666667,1,4,1,4,1,3,7,1,6,nmwtrkjq9
0,1,3,68.2291666666667,1,5,1,5,1,4,8,1,6,nmwtrkjq9
2,0,2,29.6875,1,4,1,4,1,1,9,1,6,nmwtrkjq9
2,1,4,55.7291666666667,1,1,1,2,0,2,10,1,6,nmwtrkjq9
2,1,4,59.375,1,4,1,4,1,3,11,1,6,nmwtrkjq9
2,0,2,35.9375,1,4,1,5,0,2,12,1,6,nmwtrkjq9
0,0,1,27.0833333333333,1,2,1,2,1,4,13,1,6,nmwtrkjq9
0,1,3,77.34375,1,3,1,3,1,5,14,1,6,nmwtrkjq9
2,0,2,25.5208333333333,1,4,1,5,0,3,15,1,6,nmwtrkjq9
0,0,1,39.84375,1,3,1,3,1,5,16,1,6,nmwtrkjq9
2,1,4,58.0729166666667,1,5,1,5,1,4,17,1,6,nmwtrkjq9
2,0,2,36.9791666666667,1,3,1,3,1,4,18,1,6,nmwtrkjq9
2,0,2,21.6145833333333,1,5,1,5,1,5,19,1,6,nmwtrkjq9
2,1,4,54.1666666666667,1,4,1,4,1,5,20,1,6,nmwtrkjq9
2,1,4,45.8333333333333,1,3,1,3,1,1,1,2,9,nmwtrkjq9
2,1,4,43.4895833333333,1,4,1,5,0,2,2,2,9,nmwtrkjq9
0,0,1,16.40625,1,3,1,3,1,1,3,2,9,nmwtrkjq9
2,1,4,53.6458333333333,1,4,1,4,1,3,4,2,9,nmwtrkjq9
0,1,3,66.9270833333333,1,3,1,3,1,1,5,2,9,nmwtrkjq9
2,0,2,11.1979166666667,1,4,1,4,1,1,6,2,9,nmwtrkjq9
0,0,1,19.0104166666667,1,2,1,2,1,2,7,2,9,nmwtrkjq9
2,1,4,57.5520833333333,1,2,1,2,1,4,8,2,9,nmwtrkjq9
0,1,3,63.28125,1,3,1,3,1,2,9,2,9,nmwtrkjq9
2,0,2,4.42708333333333,1,1,1,2,0,2,10,2,9,nmwtrkjq9
0,0,1,21.09375,1,4,1,4,1,3,11,2,9,nmwtrkjq9
0,1,3,72.9166666666667,1,5,1,5,1,3,12,2,9,nmwtrkjq9
0,1,3,74.7395833333333,1,4,1,4,1,4,13,2,9,nmwtrkjq9
2,0,2,14.0625,1,2,1,2,1,3,14,2,9,nmwtrkjq9
2,0,2,38.28125,1,4,1,5,0,4,15,2,9,nmwtrkjq9
2,1,4,62.2395833333333,1,4,1,5,0,5,16,2,9,nmwtrkjq9
0,0,1,21.3541666666667,1,2,1,2,1,4,17,2,9,nmwtrkjq9
0,1,3,66.9270833333333,1,5,1,5,1,5,18,2,9,nmwtrkjq9
2,0,2,16.40625,1,3,1,3,1,5,19,2,9,nmwtrkjq9
0,0,1,29.4270833333333,1,5,1,5,1,5,20,2,9,nmwtrkjq9
0,0,1,36.9791666666667,1,4,1,4,1,1,1,3,1,nmwtrkjq9
0,0,1,18.2291666666667,1,5,1,5,1,2,2,3,1,nmwtrkjq9
0,1,3,44.53125,1,4,1,4,1,1,3,3,1,nmwtrkjq9
2,1,4,47.9166666666667,0,3,1,3,1,1,4,3,1,nmwtrkjq9
0,0,1,53.6458333333333,1,4,1,3,0,3,5,3,1,nmwtrkjq9
0,1,3,67.96875,1,2,1,2,1,2,6,3,1,nmwtrkjq9
2,0,2,38.0208333333333,1,1,1,2,0,1,7,3,1,nmwtrkjq9
2,1,4,56.7708333333333,1,4,1,4,1,2,8,3,1,nmwtrkjq9
2,1,4,63.0208333333333,1,3,1,3,1,3,9,3,1,nmwtrkjq9
2,0,2,39.84375,1,4,1,4,1,2,10,3,1,nmwtrkjq9
0,1,3,75.5208333333333,1,4,1,4,1,3,11,3,1,nmwtrkjq9
2,1,4,59.8958333333333,1,4,1,4,1,4,12,3,1,nmwtrkjq9
2,0,2,36.9791666666667,1,4,1,4,1,3,13,3,1,nmwtrkjq9
0,0,1,21.875,1,2,1,2,1,4,14,3,1,nmwtrkjq9
0,1,3,84.8958333333333,1,5,1,5,1,4,15,3,1,nmwtrkjq9
2,1,4,62.7604166666667,1,3,1,3,1,5,16,3,1,nmwtrkjq9
0,0,1,25.78125,1,2,1,2,1,5,17,3,1,nmwtrkjq9
0,1,3,82.8125,1,5,1,5,1,5,18,3,1,nmwtrkjq9
2,0,2,33.0729166666667,1,5,1,5,1,4,19,3,1,nmwtrkjq9
2,0,2,35.15625,1,3,1,3,1,5,20,3,1,nmwtrkjq9
2,0,2,63.0208333333333,1,4,1,5,0,1,1,1,7,nn2xkm5kk
0,0,1,17.1875,1,2,1,2,1,1,2,1,7,nn2xkm5kk
2,1,4,75,1,2,1,2,1,1,3,1,7,nn2xkm5kk
0,1,3,81.25,1,4,1,4,1,1,4,1,7,nn2xkm5kk
2,0,2,27.0833333333333,1,1,1,3,0,2,5,1,7,nn2xkm5kk
2,1,4,66.9270833333333,1,4,1,5,0,2,6,1,7,nn2xkm5kk
2,0,2,17.96875,1,3,1,3,1,3,7,1,7,nn2xkm5kk
0,0,1,65.8854166666667,1,5,1,5,1,2,8,1,7,nn2xkm5kk
0,1,3,90.1041666666667,1,4,1,4,1,2,9,1,7,nn2xkm5kk
0,0,1,56.7708333333333,1,2,1,2,1,3,10,1,7,nn2xkm5kk
0,0,1,58.3333333333333,1,2,1,2,1,4,11,1,7,nn2xkm5kk
2,1,4,71.875,1,2,1,4,0,3,12,1,7,nn2xkm5kk
2,1,4,68.4895833333333,1,2,1,2,1,4,13,1,7,nn2xkm5kk
0,0,1,41.9270833333333,1,5,1,5,1,5,14,1,7,nn2xkm5kk
0,1,3,36.4583333333333,1,5,1,5,1,3,15,1,7,nn2xkm5kk
0,1,3,81.7708333333333,1,2,1,2,1,4,16,1,7,nn2xkm5kk
2,0,2,38.28125,1,4,1,5,0,4,17,1,7,nn2xkm5kk
2,0,2,13.5416666666667,1,3,1,3,1,5,18,1,7,nn2xkm5kk
0,1,3,78.6458333333333,1,4,1,4,1,5,19,1,7,nn2xkm5kk
2,1,4,71.875,1,4,1,5,0,5,20,1,7,nn2xkm5kk
2,1,4,64.5833333333333,1,3,0,2,0,1,1,2,9,nn2xkm5kk
2,1,4,64.0625,1,2,1,3,0,2,2,2,9,nn2xkm5kk
0,0,1,20.0520833333333,1,3,1,3,1,1,3,2,9,nn2xkm5kk
2,1,4,58.8541666666667,1,2,1,3,0,3,4,2,9,nn2xkm5kk
0,1,3,50.78125,1,4,1,4,1,1,5,2,9,nn2xkm5kk
2,0,2,4.42708333333333,1,3,1,4,0,1,6,2,9,nn2xkm5kk
0,0,1,3.125,1,2,1,2,1,2,7,2,9,nn2xkm5kk
2,1,4,67.4479166666667,1,2,1,2,1,4,8,2,9,nn2xkm5kk
0,1,3,87.2395833333333,1,4,1,4,1,2,9,2,9,nn2xkm5kk
2,0,2,8.85416666666667,1,3,1,3,1,2,10,2,9,nn2xkm5kk
0,0,1,1.82291666666667,1,3,1,3,1,3,11,2,9,nn2xkm5kk
0,1,3,92.96875,1,5,1,5,1,3,12,2,9,nn2xkm5kk
0,1,3,86.4583333333333,1,4,1,4,1,4,13,2,9,nn2xkm5kk
2,0,2,8.59375,1,3,1,3,1,3,14,2,9,nn2xkm5kk
2,0,2,17.4479166666667,1,3,1,4,0,4,15,2,9,nn2xkm5kk
2,1,4,72.9166666666667,1,3,1,4,0,5,16,2,9,nn2xkm5kk
0,0,1,61.4583333333333,1,4,1,4,1,4,17,2,9,nn2xkm5kk
0,1,3,87.5,1,2,1,2,1,5,18,2,9,nn2xkm5kk
2,0,2,40.8854166666667,1,3,1,2,0,5,19,2,9,nn2xkm5kk
0,0,1,27.0833333333333,1,2,1,2,1,5,20,2,9,nn2xkm5kk
0,1,3,90.3645833333333,1,3,1,3,1,1,1,3,6,nn2xkm5kk
0,1,3,11.4583333333333,1,2,1,2,1,2,2,3,6,nn2xkm5kk
0,0,1,10.4166666666667,1,2,1,2,1,1,3,3,6,nn2xkm5kk
0,1,3,78.90625,1,2,1,2,1,3,4,3,6,nn2xkm5kk
2,1,4,72.1354166666667,1,3,1,4,0,1,5,3,6,nn2xkm5kk
0,0,1,22.3958333333333,1,4,1,4,1,2,6,3,6,nn2xkm5kk
0,0,1,44.2708333333333,1,2,1,2,1,3,7,3,6,nn2xkm5kk
0,1,3,87.5,1,5,1,5,1,4,8,3,6,nn2xkm5kk
2,0,2,25.5208333333333,1,5,1,5,1,1,9,3,6,nn2xkm5kk
2,1,4,78.6458333333333,1,2,1,2,1,2,10,3,6,nn2xkm5kk
2,1,4,53.90625,1,2,0,2,1,3,11,3,6,nn2xkm5kk
2,0,2,36.71875,1,3,1,3,1,2,12,3,6,nn2xkm5kk
0,0,1,27.8645833333333,1,2,1,2,1,4,13,3,6,nn2xkm5kk
0,1,3,86.9791666666667,1,4,1,4,1,5,14,3,6,nn2xkm5kk
2,0,2,29.4270833333333,1,2,1,2,1,3,15,3,6,nn2xkm5kk
0,0,1,24.21875,1,1,1,2,0,5,16,3,6,nn2xkm5kk
2,1,4,88.5416666666667,1,2,1,2,1,4,17,3,6,nn2xkm5kk
2,0,2,30.46875,1,5,1,5,1,4,18,3,6,nn2xkm5kk
2,0,2,79.9479166666667,1,3,1,5,0,5,19,3,6,nn2xkm5kk
2,1,4,55.9895833333333,1,1,1,2,0,5,20,3,6,nn2xkm5kk
0,0,1,61.4583333333333,1,2,1,2,1,1,1,1,1,npc7xbmub
0,0,1,50,1,3,1,3,1,2,2,1,1,npc7xbmub
0,1,3,73.9583333333333,1,4,1,4,1,1,3,1,1,npc7xbmub
2,1,4,54.9479166666667,0,3,1,3,1,1,4,1,1,npc7xbmub
0,0,1,43.75,1,4,1,5,0,3,5,1,1,npc7xbmub
0,1,3,77.8645833333333,1,3,1,3,1,2,6,1,1,npc7xbmub
2,0,2,50,1,4,1,5,0,1,7,1,1,npc7xbmub
2,1,4,73.4375,1,3,1,5,0,2,8,1,1,npc7xbmub
2,1,4,70.5729166666667,1,3,1,5,0,3,9,1,1,npc7xbmub
2,0,2,50,1,2,1,2,1,2,10,1,1,npc7xbmub
0,1,3,78.90625,1,4,1,4,1,3,11,1,1,npc7xbmub
2,1,4,78.125,1,3,1,4,0,4,12,1,1,npc7xbmub
2,0,2,41.9270833333333,1,2,1,2,1,3,13,1,1,npc7xbmub
0,0,1,23.6979166666667,1,4,1,4,1,4,14,1,1,npc7xbmub
0,1,3,68.2291666666667,1,4,1,4,1,4,15,1,1,npc7xbmub
2,1,4,68.2291666666667,1,2,1,2,1,5,16,1,1,npc7xbmub
0,0,1,45.0520833333333,1,5,1,5,1,5,17,1,1,npc7xbmub
0,1,3,76.8229166666667,1,2,1,2,1,5,18,1,1,npc7xbmub
2,0,2,32.5520833333333,1,1,1,2,0,4,19,1,1,npc7xbmub
2,0,2,40.625,1,5,1,5,1,5,20,1,1,npc7xbmub
0,1,3,83.59375,1,5,1,5,1,1,1,2,4,npc7xbmub
2,0,2,54.4270833333333,1,4,1,5,0,1,2,2,4,npc7xbmub
0,0,1,50,1,5,1,5,1,1,3,2,4,npc7xbmub
2,1,4,60.6770833333333,1,4,1,3,0,1,4,2,4,npc7xbmub
0,1,3,65.8854166666667,1,2,1,2,1,2,5,2,4,npc7xbmub
0,0,1,50,1,5,1,5,1,2,6,2,4,npc7xbmub
2,0,2,43.75,1,2,1,2,1,2,7,2,4,npc7xbmub
2,1,4,69.53125,1,3,1,4,0,2,8,2,4,npc7xbmub
0,1,3,74.7395833333333,1,2,1,2,1,3,9,2,4,npc7xbmub
2,0,2,50,1,5,1,4,0,3,10,2,4,npc7xbmub
0,0,1,53.6458333333333,1,5,1,5,1,3,11,2,4,npc7xbmub
0,1,3,84.375,1,2,1,2,1,4,12,2,4,npc7xbmub
2,1,4,71.3541666666667,1,2,1,2,1,3,13,2,4,npc7xbmub
0,0,1,54.6875,1,4,1,4,1,4,14,2,4,npc7xbmub
2,0,2,50,1,3,1,5,0,4,15,2,4,npc7xbmub
2,1,4,75.2604166666667,1,4,1,5,0,4,16,2,4,npc7xbmub
2,1,4,76.8229166666667,1,3,1,5,0,5,17,2,4,npc7xbmub
2,0,2,43.4895833333333,1,2,1,2,1,5,18,2,4,npc7xbmub
0,1,3,73.4375,1,5,1,5,1,5,19,2,4,npc7xbmub
0,0,1,40.625,1,3,1,3,1,5,20,2,4,npc7xbmub
0,0,1,50,1,4,1,4,1,1,1,3,10,npc7xbmub
0,1,3,61.1979166666667,1,4,1,4,1,1,2,3,10,npc7xbmub
2,1,4,50,1,4,1,4,1,1,3,3,10,npc7xbmub
2,0,2,41.40625,1,3,1,3,1,1,4,3,10,npc7xbmub
2,1,4,55.2083333333333,1,2,1,3,0,2,5,3,10,npc7xbmub
0,1,3,71.875,1,5,1,5,1,2,6,3,10,npc7xbmub
2,0,2,54.4270833333333,1,4,1,4,1,2,7,3,10,npc7xbmub
2,0,2,44.2708333333333,1,3,1,3,1,3,8,3,10,npc7xbmub
2,1,4,74.7395833333333,1,3,1,4,0,3,9,3,10,npc7xbmub
0,1,3,70.0520833333333,1,4,1,4,1,3,10,3,10,npc7xbmub
0,0,1,43.2291666666667,1,5,1,5,1,2,11,3,10,npc7xbmub
2,1,4,67.1875,1,2,1,2,1,4,12,3,10,npc7xbmub
0,1,3,67.96875,1,5,1,5,1,4,13,3,10,npc7xbmub
2,0,2,43.2291666666667,1,3,1,3,1,4,14,3,10,npc7xbmub
2,1,4,74.4791666666667,1,2,1,2,1,5,15,3,10,npc7xbmub
2,0,2,45.8333333333333,1,3,1,3,1,5,16,3,10,npc7xbmub
0,0,1,40.1041666666667,1,5,1,5,1,3,17,3,10,npc7xbmub
0,1,3,77.0833333333333,1,3,1,3,1,5,18,3,10,npc7xbmub
0,0,1,14.84375,1,3,1,3,1,4,19,3,10,npc7xbmub
0,0,1,22.65625,1,2,1,2,1,5,20,3,10,npc7xbmub
0,0,1,40.3645833333333,1,2,1,2,1,1,1,1,10,nqnzefvak
0,1,3,66.6666666666667,1,2,1,2,1,1,2,1,10,nqnzefvak
2,1,4,15.1041666666667,1,3,1,3,1,1,3,1,10,nqnzefvak
2,0,2,11.4583333333333,1,5,1,5,1,1,4,1,10,nqnzefvak
2,1,4,67.1875,1,3,1,3,1,2,5,1,10,nqnzefvak
0,1,3,76.5625,1,2,1,2,1,2,6,1,10,nqnzefvak
2,0,2,25.5208333333333,1,2,1,2,1,2,7,1,10,nqnzefvak
2,0,2,31.25,1,2,1,2,1,3,8,1,10,nqnzefvak
2,1,4,66.9270833333333,1,2,1,2,1,3,9,1,10,nqnzefvak
0,1,3,73.9583333333333,1,2,1,2,1,3,10,1,10,nqnzefvak
0,0,1,56.25,1,5,1,5,1,2,11,1,10,nqnzefvak
2,1,4,70.0520833333333,1,4,1,4,1,4,12,1,10,nqnzefvak
0,1,3,78.3854166666667,1,4,1,4,1,4,13,1,10,nqnzefvak
2,0,2,34.6354166666667,1,5,1,5,1,4,14,1,10,nqnzefvak
2,1,4,64.0625,1,4,1,4,1,5,15,1,10,nqnzefvak
2,0,2,25.5208333333333,1,2,1,2,1,5,16,1,10,nqnzefvak
0,0,1,68.75,1,3,1,3,1,3,17,1,10,nqnzefvak
0,1,3,79.1666666666667,1,4,1,4,1,5,18,1,10,nqnzefvak
0,0,1,24.7395833333333,1,5,1,5,1,4,19,1,10,nqnzefvak
0,0,1,55.9895833333333,1,5,1,5,1,5,20,1,10,nqnzefvak
2,1,4,72.3958333333333,1,4,1,4,1,1,1,2,8,nqnzefvak
0,0,1,35.6770833333333,1,4,1,4,1,1,2,2,8,nqnzefvak
0,1,3,78.125,1,5,1,5,1,1,3,2,8,nqnzefvak
0,1,3,76.5625,1,2,1,2,1,2,4,2,8,nqnzefvak
0,0,1,72.9166666666667,1,2,1,2,1,2,5,2,8,nqnzefvak
2,1,4,80.9895833333333,1,2,1,2,1,2,6,2,8,nqnzefvak
2,0,2,68.2291666666667,1,5,1,5,1,1,7,2,8,nqnzefvak
2,0,2,66.40625,1,5,1,5,1,2,8,2,8,nqnzefvak
2,1,4,87.7604166666667,1,5,1,5,1,3,9,2,8,nqnzefvak
0,0,1,83.3333333333333,1,4,1,4,1,3,10,2,8,nqnzefvak
2,0,2,82.03125,1,5,1,5,1,3,11,2,8,nqnzefvak
0,1,3,87.7604166666667,1,3,1,3,1,3,12,2,8,nqnzefvak
0,0,1,54.9479166666667,1,2,1,2,1,4,13,2,8,nqnzefvak
2,0,2,56.5104166666667,1,2,1,2,1,4,14,2,8,nqnzefvak
0,1,3,86.1979166666667,1,5,1,5,1,4,15,2,8,nqnzefvak
0,1,3,89.5833333333333,1,4,1,4,1,5,16,2,8,nqnzefvak
0,0,1,81.7708333333333,1,5,1,5,1,5,17,2,8,nqnzefvak
2,1,4,79.6875,1,3,1,3,1,4,18,2,8,nqnzefvak
2,1,4,77.34375,1,4,1,4,1,5,19,2,8,nqnzefvak
2,0,2,83.0729166666667,1,5,1,5,1,5,20,2,8,nqnzefvak
0,1,3,80.9895833333333,1,2,1,2,1,1,1,3,2,nqnzefvak
0,0,1,44.2708333333333,1,5,1,5,1,1,2,3,2,nqnzefvak
0,0,1,63.0208333333333,1,4,1,4,1,2,3,3,2,nqnzefvak
0,1,3,85.4166666666667,1,5,1,5,1,2,4,3,2,nqnzefvak
2,1,4,71.875,1,2,1,2,1,1,5,3,2,nqnzefvak
2,0,2,64.84375,1,4,1,4,1,1,6,3,2,nqnzefvak
2,1,4,74.4791666666667,1,3,1,3,1,2,7,3,2,nqnzefvak
0,1,3,86.4583333333333,1,5,1,5,1,3,8,3,2,nqnzefvak
0,0,1,77.6041666666667,1,2,1,2,1,3,9,3,2,nqnzefvak
2,1,4,86.1979166666667,1,5,1,5,1,3,10,3,2,nqnzefvak
2,0,2,61.71875,1,2,1,2,1,2,11,3,2,nqnzefvak
2,0,2,71.3541666666667,1,5,1,5,1,3,12,3,2,nqnzefvak
0,1,3,82.2916666666667,1,5,1,5,1,4,13,3,2,nqnzefvak
2,0,2,58.3333333333333,1,3,1,3,1,4,14,3,2,nqnzefvak
0,1,3,89.0625,1,2,1,2,1,5,15,3,2,nqnzefvak
2,1,4,84.8958333333333,1,5,1,5,1,4,16,3,2,nqnzefvak
0,0,1,66.40625,1,2,1,2,1,4,17,3,2,nqnzefvak
0,0,1,58.59375,1,5,1,5,1,5,18,3,2,nqnzefvak
2,1,4,77.8645833333333,1,3,1,3,1,5,19,3,2,nqnzefvak
2,0,2,72.1354166666667,1,3,1,3,1,5,20,3,2,nqnzefvak
0,0,1,72.9166666666667,1,5,1,5,1,1,1,1,3,nquvbxzke
0,0,1,40.8854166666667,1,2,1,2,1,2,2,1,3,nquvbxzke
0,1,3,55.7291666666667,1,3,1,5,0,1,3,1,3,nquvbxzke
2,1,4,52.0833333333333,1,1,1,5,0,1,4,1,3,nquvbxzke
2,0,2,37.7604166666667,1,4,1,3,0,1,5,1,3,nquvbxzke
0,1,3,50,1,5,1,5,1,2,6,1,3,nquvbxzke
2,1,4,65.3645833333333,1,5,1,2,0,2,7,1,3,nquvbxzke
2,0,2,50,1,1,1,3,0,2,8,1,3,nquvbxzke
0,0,1,45.0520833333333,1,4,1,4,1,3,9,1,3,nquvbxzke
2,1,4,63.28125,1,1,1,5,0,3,10,1,3,nquvbxzke
0,0,1,41.40625,1,3,1,3,1,4,11,1,3,nquvbxzke
2,0,2,41.1458333333333,1,4,1,5,0,3,12,1,3,nquvbxzke
0,1,3,78.90625,1,2,1,2,1,3,13,1,3,nquvbxzke
0,1,3,78.3854166666667,1,3,1,3,1,4,14,1,3,nquvbxzke
2,0,2,45.3125,1,1,1,5,0,4,15,1,3,nquvbxzke
2,1,4,89.5833333333333,1,1,1,2,0,4,16,1,3,nquvbxzke
0,0,1,50,1,2,1,2,1,5,17,1,3,nquvbxzke
2,0,2,50,1,4,1,4,1,5,18,1,3,nquvbxzke
2,1,4,88.8020833333333,1,5,1,3,0,5,19,1,3,nquvbxzke
0,1,3,74.4791666666667,1,2,1,2,1,5,20,1,3,nquvbxzke
0,0,1,68.2291666666667,1,1,1,3,0,1,1,2,10,nquvbxzke
0,1,3,70.0520833333333,1,3,1,3,1,1,2,2,10,nquvbxzke
2,1,4,64.0625,1,5,1,5,1,1,3,2,10,nquvbxzke
2,0,2,44.0104166666667,1,3,1,4,0,1,4,2,10,nquvbxzke
2,1,4,62.5,1,2,1,3,0,2,5,2,10,nquvbxzke
0,1,3,53.125,1,5,1,5,1,2,6,2,10,nquvbxzke
2,0,2,40.1041666666667,1,1,1,5,0,2,7,2,10,nquvbxzke
2,0,2,38.0208333333333,1,3,1,4,0,3,8,2,10,nquvbxzke
2,1,4,87.7604166666667,1,2,1,3,0,3,9,2,10,nquvbxzke
0,1,3,77.8645833333333,1,2,1,2,1,3,10,2,10,nquvbxzke
0,0,1,47.9166666666667,1,2,1,2,1,2,11,2,10,nquvbxzke
2,1,4,65.625,1,3,1,5,0,4,12,2,10,nquvbxzke
0,1,3,54.6875,1,5,1,5,1,4,13,2,10,nquvbxzke
2,0,2,43.4895833333333,1,2,1,3,0,4,14,2,10,nquvbxzke
2,1,4,75,1,4,1,2,0,5,15,2,10,nquvbxzke
2,0,2,44.2708333333333,1,5,1,2,0,5,16,2,10,nquvbxzke
0,0,1,50,1,2,1,2,1,3,17,2,10,nquvbxzke
0,1,3,75,1,4,1,5,0,5,18,2,10,nquvbxzke
0,0,1,50,1,2,1,2,1,4,19,2,10,nquvbxzke
0,0,1,50,1,5,1,5,1,5,20,2,10,nquvbxzke
2,0,2,61.1979166666667,1,1,1,3,0,1,1,3,7,nquvbxzke
0,0,1,50,1,5,1,5,1,1,2,3,7,nquvbxzke
2,1,4,50,1,1,1,4,0,1,3,3,7,nquvbxzke
0,1,3,50,1,3,1,3,1,1,4,3,7,nquvbxzke
2,0,2,50,1,5,1,3,0,2,5,3,7,nquvbxzke
2,1,4,50,1,3,1,2,0,2,6,3,7,nquvbxzke
2,0,2,37.2395833333333,1,2,1,4,0,3,7,3,7,nquvbxzke
0,0,1,40.3645833333333,1,3,1,3,1,2,8,3,7,nquvbxzke
0,1,3,56.7708333333333,1,2,1,2,1,2,9,3,7,nquvbxzke
0,0,1,39.5833333333333,1,1,1,3,0,3,10,3,7,nquvbxzke
0,0,1,37.7604166666667,1,2,1,2,1,4,11,3,7,nquvbxzke
2,1,4,64.3229166666667,1,4,1,4,1,3,12,3,7,nquvbxzke
2,1,4,81.25,1,3,1,2,0,4,13,3,7,nquvbxzke
0,0,1,50,1,3,1,3,1,5,14,3,7,nquvbxzke
0,1,3,72.3958333333333,1,3,1,3,1,3,15,3,7,nquvbxzke
0,1,3,78.6458333333333,1,4,1,4,1,4,16,3,7,nquvbxzke
2,0,2,40.1041666666667,1,3,1,2,0,4,17,3,7,nquvbxzke
2,0,2,31.5104166666667,1,2,1,2,1,5,18,3,7,nquvbxzke
0,1,3,47.65625,1,2,1,2,1,5,19,3,7,nquvbxzke
2,1,4,50,1,2,1,5,0,5,20,3,7,nquvbxzke
0,0,1,15.625,1,2,1,2,1,1,1,1,3,nr19xd1u7
0,0,1,10.6770833333333,1,4,1,4,1,2,2,1,3,nr19xd1u7
0,1,3,62.2395833333333,1,4,1,4,1,1,3,1,3,nr19xd1u7
2,1,4,8.85416666666667,1,4,1,4,1,1,4,1,3,nr19xd1u7
2,0,2,13.5416666666667,1,4,1,3,0,1,5,1,3,nr19xd1u7
0,1,3,76.0416666666667,1,2,1,2,1,2,6,1,3,nr19xd1u7
2,1,4,27.6041666666667,1,3,1,3,1,2,7,1,3,nr19xd1u7
2,0,2,13.8020833333333,1,5,1,4,0,2,8,1,3,nr19xd1u7
0,0,1,15.3645833333333,1,3,1,3,1,3,9,1,3,nr19xd1u7
2,1,4,64.5833333333333,1,3,1,3,1,3,10,1,3,nr19xd1u7
0,0,1,39.84375,1,5,1,5,1,4,11,1,3,nr19xd1u7
2,0,2,11.71875,1,5,1,5,1,3,12,1,3,nr19xd1u7
0,1,3,68.2291666666667,1,3,1,3,1,3,13,1,3,nr19xd1u7
0,1,3,83.0729166666667,1,4,1,4,1,4,14,1,3,nr19xd1u7
2,0,2,18.75,1,5,1,5,1,4,15,1,3,nr19xd1u7
2,1,4,76.0416666666667,1,3,1,2,0,4,16,1,3,nr19xd1u7
0,0,1,44.2708333333333,1,5,1,5,1,5,17,1,3,nr19xd1u7
2,0,2,41.40625,1,2,1,2,1,5,18,1,3,nr19xd1u7
2,1,4,65.3645833333333,1,2,1,2,1,5,19,1,3,nr19xd1u7
0,1,3,88.28125,1,4,1,4,1,5,20,1,3,nr19xd1u7
0,0,1,61.71875,1,3,1,3,1,1,1,2,5,nr19xd1u7
2,1,4,56.5104166666667,1,1,1,3,0,1,2,2,5,nr19xd1u7
2,0,2,27.6041666666667,1,4,1,5,0,1,3,2,5,nr19xd1u7
2,0,2,17.4479166666667,1,5,1,5,1,2,4,2,5,nr19xd1u7
2,1,4,78.3854166666667,1,2,1,2,1,2,5,2,5,nr19xd1u7
0,1,3,77.8645833333333,1,4,1,4,1,1,6,2,5,nr19xd1u7
2,0,2,51.3020833333333,1,4,1,4,1,3,7,2,5,nr19xd1u7
0,1,3,84.375,1,2,1,2,1,2,8,2,5,nr19xd1u7
0,0,1,38.8020833333333,1,5,1,5,1,2,9,2,5,nr19xd1u7
2,1,4,43.75,1,1,1,2,0,3,10,2,5,nr19xd1u7
0,1,3,72.65625,1,3,1,3,1,3,11,2,5,nr19xd1u7
0,0,1,40.625,1,3,1,3,1,3,12,2,5,nr19xd1u7
0,0,1,25,1,5,1,5,1,4,13,2,5,nr19xd1u7
2,1,4,72.3958333333333,1,5,1,5,1,4,14,2,5,nr19xd1u7
2,0,2,18.2291666666667,1,4,1,4,1,4,15,2,5,nr19xd1u7
0,0,1,39.3229166666667,1,5,1,5,1,5,16,2,5,nr19xd1u7
0,1,3,89.0625,1,3,1,3,1,4,17,2,5,nr19xd1u7
0,1,3,69.7916666666667,1,4,1,4,1,5,18,2,5,nr19xd1u7
2,0,2,13.0208333333333,1,2,1,2,1,5,19,2,5,nr19xd1u7
2,1,4,65.3645833333333,1,5,1,5,1,5,20,2,5,nr19xd1u7
0,0,1,68.4895833333333,1,2,1,2,1,1,1,3,10,nr19xd1u7
0,1,3,75.2604166666667,1,4,1,4,1,1,2,3,10,nr19xd1u7
2,1,4,67.4479166666667,1,3,1,3,1,1,3,3,10,nr19xd1u7
2,0,2,32.8125,1,2,1,3,0,1,4,3,10,nr19xd1u7
2,1,4,71.875,1,3,1,3,1,2,5,3,10,nr19xd1u7
0,1,3,82.5520833333333,1,2,1,2,1,2,6,3,10,nr19xd1u7
2,0,2,63.5416666666667,1,3,1,3,1,2,7,3,10,nr19xd1u7
2,0,2,55.9895833333333,1,3,1,4,0,3,8,3,10,nr19xd1u7
2,1,4,74.21875,1,2,1,2,1,3,9,3,10,nr19xd1u7
0,1,3,84.6354166666667,1,5,1,5,1,3,10,3,10,nr19xd1u7
0,0,1,31.25,1,5,1,5,1,2,11,3,10,nr19xd1u7
2,1,4,83.0729166666667,1,3,1,3,1,4,12,3,10,nr19xd1u7
0,1,3,59.8958333333333,1,5,1,5,1,4,13,3,10,nr19xd1u7
2,0,2,8.85416666666667,1,3,1,3,1,4,14,3,10,nr19xd1u7
2,1,4,74.21875,1,2,1,2,1,5,15,3,10,nr19xd1u7
2,0,2,50,1,4,1,5,0,5,16,3,10,nr19xd1u7
0,0,1,46.6145833333333,1,5,1,5,1,3,17,3,10,nr19xd1u7
0,1,3,88.8020833333333,1,5,1,5,1,5,18,3,10,nr19xd1u7
0,0,1,44.0104166666667,1,4,1,4,1,4,19,3,10,nr19xd1u7
0,0,1,71.875,1,3,1,3,1,5,20,3,10,nr19xd1u7
0,0,1,54.6875,1,4,1,4,1,1,1,1,10,nr7a9yshx
0,1,3,63.5416666666667,1,3,1,3,1,1,2,1,10,nr7a9yshx
2,1,4,24.4791666666667,1,5,1,5,1,1,3,1,10,nr7a9yshx
2,0,2,-0,1,4,1,4,1,1,4,1,10,nr7a9yshx
2,1,4,44.53125,1,4,1,4,1,2,5,1,10,nr7a9yshx
0,1,3,56.5104166666667,1,4,1,4,1,2,6,1,10,nr7a9yshx
2,0,2,-0,1,2,1,3,0,2,7,1,10,nr7a9yshx
2,0,2,5.72916666666667,1,2,1,3,0,3,8,1,10,nr7a9yshx
2,1,4,56.7708333333333,1,3,1,5,0,3,9,1,10,nr7a9yshx
0,1,3,44.53125,1,2,1,2,1,3,10,1,10,nr7a9yshx
0,0,1,1.5625,1,5,1,5,1,2,11,1,10,nr7a9yshx
2,1,4,61.9791666666667,1,4,1,4,1,4,12,1,10,nr7a9yshx
0,1,3,55.46875,1,4,1,4,1,4,13,1,10,nr7a9yshx
2,0,2,-0,1,3,1,3,1,4,14,1,10,nr7a9yshx
2,1,4,57.5520833333333,1,3,1,3,1,5,15,1,10,nr7a9yshx
2,0,2,5.20833333333333,1,2,1,2,1,5,16,1,10,nr7a9yshx
0,0,1,33.59375,1,5,1,5,1,3,17,1,10,nr7a9yshx
0,1,3,60.4166666666667,1,2,1,2,1,5,18,1,10,nr7a9yshx
0,0,1,0.78125,1,3,1,3,1,4,19,1,10,nr7a9yshx
0,0,1,-0,1,5,1,5,1,5,20,1,10,nr7a9yshx
0,0,1,65.8854166666667,1,4,1,4,1,1,1,2,5,nr7a9yshx
2,1,4,58.59375,1,4,1,4,1,1,2,2,5,nr7a9yshx
2,0,2,6.77083333333333,1,1,1,2,0,1,3,2,5,nr7a9yshx
2,0,2,26.3020833333333,1,4,1,5,0,2,4,2,5,nr7a9yshx
2,1,4,56.5104166666667,1,1,1,2,0,2,5,2,5,nr7a9yshx
0,1,3,61.9791666666667,1,5,1,5,1,1,6,2,5,nr7a9yshx
2,0,2,59.8958333333333,1,3,1,3,1,3,7,2,5,nr7a9yshx
0,1,3,55.7291666666667,1,2,1,2,1,2,8,2,5,nr7a9yshx
0,0,1,55.7291666666667,1,5,1,5,1,2,9,2,5,nr7a9yshx
2,1,4,54.9479166666667,1,2,1,2,1,3,10,2,5,nr7a9yshx
0,1,3,54.6875,1,2,1,2,1,3,11,2,5,nr7a9yshx
0,0,1,19.53125,1,5,1,5,1,3,12,2,5,nr7a9yshx
0,0,1,52.8645833333333,1,2,1,2,1,4,13,2,5,nr7a9yshx
2,1,4,59.375,1,2,1,2,1,4,14,2,5,nr7a9yshx
2,0,2,2.86458333333333,1,4,1,4,1,4,15,2,5,nr7a9yshx
0,0,1,11.1979166666667,1,3,1,3,1,5,16,2,5,nr7a9yshx
0,1,3,67.7083333333333,1,3,1,3,1,4,17,2,5,nr7a9yshx
0,1,3,55.9895833333333,1,3,1,3,1,5,18,2,5,nr7a9yshx
2,0,2,10.15625,1,3,1,2,0,5,19,2,5,nr7a9yshx
2,1,4,55.46875,1,2,1,2,1,5,20,2,5,nr7a9yshx
0,1,3,85.9375,1,2,1,2,1,1,1,3,4,nr7a9yshx
2,0,2,53.6458333333333,1,4,1,5,0,1,2,3,4,nr7a9yshx
0,0,1,28.3854166666667,1,4,1,4,1,1,3,3,4,nr7a9yshx
2,1,4,4.94791666666667,1,5,1,5,1,1,4,3,4,nr7a9yshx
0,1,3,26.0416666666667,1,2,1,2,1,2,5,3,4,nr7a9yshx
0,0,1,33.8541666666667,1,5,1,5,1,2,6,3,4,nr7a9yshx
2,0,2,3.64583333333333,1,5,1,5,1,2,7,3,4,nr7a9yshx
2,1,4,4.6875,1,1,1,2,0,2,8,3,4,nr7a9yshx
0,1,3,45.8333333333333,1,3,1,3,1,3,9,3,4,nr7a9yshx
2,0,2,8.85416666666667,1,2,1,2,1,3,10,3,4,nr7a9yshx
0,0,1,11.4583333333333,1,3,1,3,1,3,11,3,4,nr7a9yshx
0,1,3,46.09375,1,2,1,2,1,4,12,3,4,nr7a9yshx
2,1,4,8.59375,1,2,1,2,1,3,13,3,4,nr7a9yshx
0,0,1,-0,1,2,1,2,1,4,14,3,4,nr7a9yshx
2,0,2,-0,1,5,1,4,0,4,15,3,4,nr7a9yshx
2,1,4,45.0520833333333,1,2,1,2,1,4,16,3,4,nr7a9yshx
2,1,4,15.1041666666667,1,2,1,3,0,5,17,3,4,nr7a9yshx
2,0,2,-0,1,3,1,4,0,5,18,3,4,nr7a9yshx
0,1,3,53.3854166666667,1,5,1,5,1,5,19,3,4,nr7a9yshx
0,0,1,-0,1,4,1,4,1,5,20,3,4,nr7a9yshx
0,1,3,61.9791666666667,1,2,1,2,1,1,1,1,2,nsm49svk3
0,0,1,3.90625,1,2,1,2,1,1,2,1,2,nsm49svk3
0,0,1,0.78125,1,4,1,4,1,2,3,1,2,nsm49svk3
0,1,3,85.15625,1,4,1,4,1,2,4,1,2,nsm49svk3
2,1,4,24.7395833333333,1,5,1,5,1,1,5,1,2,nsm49svk3
2,0,2,1.04166666666667,1,0,1,2,0,1,6,1,2,nsm49svk3
2,1,4,29.9479166666667,1,4,1,4,1,2,7,1,2,nsm49svk3
0,1,3,91.40625,1,4,1,4,1,3,8,1,2,nsm49svk3
0,0,1,88.28125,1,2,1,2,1,3,9,1,2,nsm49svk3
2,1,4,63.5416666666667,1,3,1,3,1,3,10,1,2,nsm49svk3
2,0,2,66.1458333333333,1,1,1,4,0,2,11,1,2,nsm49svk3
2,0,2,25.5208333333333,1,3,1,3,1,3,12,1,2,nsm49svk3
0,1,3,95.5729166666667,1,3,1,3,1,4,13,1,2,nsm49svk3
2,0,2,20.5729166666667,1,2,1,3,0,4,14,1,2,nsm49svk3
0,1,3,96.875,1,4,1,4,1,5,15,1,2,nsm49svk3
2,1,4,83.8541666666667,1,0,1,4,0,4,16,1,2,nsm49svk3
0,0,1,77.6041666666667,1,5,1,5,1,4,17,1,2,nsm49svk3
0,0,1,79.9479166666667,1,3,1,3,1,5,18,1,2,nsm49svk3
2,1,4,80.7291666666667,1,5,1,5,1,5,19,1,2,nsm49svk3
2,0,2,31.25,1,4,1,3,0,5,20,1,2,nsm49svk3
0,1,3,97.1354166666667,1,3,1,3,1,1,1,2,6,nsm49svk3
0,1,3,55.46875,1,2,1,2,1,2,2,2,6,nsm49svk3
0,0,1,10.6770833333333,1,4,1,4,1,1,3,2,6,nsm49svk3
0,1,3,83.59375,1,2,1,2,1,3,4,2,6,nsm49svk3
2,1,4,30.46875,1,3,1,5,0,1,5,2,6,nsm49svk3
0,0,1,87.7604166666667,1,5,1,5,1,2,6,2,6,nsm49svk3
0,0,1,86.9791666666667,1,4,1,4,1,3,7,2,6,nsm49svk3
0,1,3,96.6145833333333,1,2,1,2,1,4,8,2,6,nsm49svk3
2,0,2,26.0416666666667,1,2,1,2,1,1,9,2,6,nsm49svk3
2,1,4,84.6354166666667,1,4,1,5,0,2,10,2,6,nsm49svk3
2,1,4,44.7916666666667,1,3,1,3,1,3,11,2,6,nsm49svk3
2,0,2,8.59375,1,2,1,2,1,2,12,2,6,nsm49svk3
0,0,1,94.53125,1,2,1,2,1,4,13,2,6,nsm49svk3
0,1,3,90.625,1,4,1,4,1,5,14,2,6,nsm49svk3
2,0,2,11.9791666666667,1,5,1,5,1,3,15,2,6,nsm49svk3
0,0,1,83.59375,1,3,1,3,1,5,16,2,6,nsm49svk3
2,1,4,68.2291666666667,1,3,1,3,1,4,17,2,6,nsm49svk3
2,0,2,50,1,5,1,5,1,4,18,2,6,nsm49svk3
2,0,2,50,1,3,1,3,1,5,19,2,6,nsm49svk3
2,1,4,94.0104166666667,1,2,1,5,0,5,20,2,6,nsm49svk3
2,0,2,80.2083333333333,1,4,1,4,1,1,1,3,7,nsm49svk3
0,0,1,27.8645833333333,1,5,1,5,1,1,2,3,7,nsm49svk3
2,1,4,37.7604166666667,1,4,1,4,1,1,3,3,7,nsm49svk3
0,1,3,98.4375,1,2,1,2,1,1,4,3,7,nsm49svk3
2,0,2,10.6770833333333,1,2,1,4,0,2,5,3,7,nsm49svk3
2,1,4,77.8645833333333,1,3,1,3,1,2,6,3,7,nsm49svk3
2,0,2,32.5520833333333,1,3,1,5,0,3,7,3,7,nsm49svk3
0,0,1,97.65625,1,4,1,4,1,2,8,3,7,nsm49svk3
0,1,3,96.875,1,2,1,2,1,2,9,3,7,nsm49svk3
0,0,1,75.5208333333333,1,4,1,4,1,3,10,3,7,nsm49svk3
0,0,1,84.6354166666667,1,4,1,4,1,4,11,3,7,nsm49svk3
2,1,4,85.9375,1,2,1,2,1,3,12,3,7,nsm49svk3
2,1,4,84.6354166666667,1,0,1,2,0,4,13,3,7,nsm49svk3
0,0,1,82.5520833333333,1,4,1,4,1,5,14,3,7,nsm49svk3
0,1,3,96.09375,1,3,1,3,1,3,15,3,7,nsm49svk3
0,1,3,100,0,5,1,5,1,4,16,3,7,nsm49svk3
2,0,2,78.6458333333333,1,3,1,2,0,4,17,3,7,nsm49svk3
2,0,2,50,1,3,1,4,0,5,18,3,7,nsm49svk3
0,1,3,100,1,2,1,2,1,5,19,3,7,nsm49svk3
2,1,4,93.75,1,5,1,5,1,5,20,3,7,nsm49svk3
0,0,1,33.8541666666667,1,4,1,4,1,1,1,1,5,nswgbyqj8
2,1,4,8.33333333333333,1,5,1,5,1,1,2,1,5,nswgbyqj8
2,0,2,2.60416666666667,1,2,1,2,1,1,3,1,5,nswgbyqj8
2,0,2,6.77083333333333,1,2,1,2,1,2,4,1,5,nswgbyqj8
2,1,4,41.6666666666667,1,3,1,3,1,2,5,1,5,nswgbyqj8
0,1,3,51.8229166666667,1,2,1,2,1,1,6,1,5,nswgbyqj8
2,0,2,7.29166666666667,1,4,1,4,1,3,7,1,5,nswgbyqj8
0,1,3,60.6770833333333,1,2,1,2,1,2,8,1,5,nswgbyqj8
0,0,1,4.42708333333333,1,5,1,5,1,2,9,1,5,nswgbyqj8
2,1,4,26.0416666666667,1,1,1,2,0,3,10,1,5,nswgbyqj8
0,1,3,52.0833333333333,1,5,1,5,1,3,11,1,5,nswgbyqj8
0,0,1,13.8020833333333,1,5,1,5,1,3,12,1,5,nswgbyqj8
0,0,1,50,1,3,1,3,1,4,13,1,5,nswgbyqj8
2,1,4,51.0416666666667,1,4,1,4,1,4,14,1,5,nswgbyqj8
2,0,2,3.38541666666667,1,3,1,4,0,4,15,1,5,nswgbyqj8
0,0,1,44.53125,1,2,1,2,1,5,16,1,5,nswgbyqj8
0,1,3,75.2604166666667,1,3,1,3,1,4,17,1,5,nswgbyqj8
0,1,3,64.5833333333333,1,3,1,3,1,5,18,1,5,nswgbyqj8
2,0,2,18.2291666666667,1,3,1,4,0,5,19,1,5,nswgbyqj8
2,1,4,56.7708333333333,1,3,1,4,0,5,20,1,5,nswgbyqj8
0,1,3,54.4270833333333,1,3,1,3,1,1,1,2,6,nswgbyqj8
0,1,3,44.53125,1,4,1,4,1,2,2,2,6,nswgbyqj8
0,0,1,7.03125,1,2,1,2,1,1,3,2,6,nswgbyqj8
0,1,3,67.96875,1,2,1,2,1,3,4,2,6,nswgbyqj8
2,1,4,27.0833333333333,1,5,1,5,1,1,5,2,6,nswgbyqj8
0,0,1,18.4895833333333,1,2,1,2,1,2,6,2,6,nswgbyqj8
0,0,1,19.7916666666667,1,5,1,5,1,3,7,2,6,nswgbyqj8
0,1,3,62.2395833333333,1,4,1,4,1,4,8,2,6,nswgbyqj8
2,0,2,8.59375,1,2,1,2,1,1,9,2,6,nswgbyqj8
2,1,4,16.9270833333333,1,5,1,5,1,2,10,2,6,nswgbyqj8
2,1,4,19.53125,1,3,1,3,1,3,11,2,6,nswgbyqj8
2,0,2,14.5833333333333,1,2,1,4,0,2,12,2,6,nswgbyqj8
0,0,1,14.3229166666667,1,3,1,3,1,4,13,2,6,nswgbyqj8
0,1,3,75.2604166666667,1,2,1,2,1,5,14,2,6,nswgbyqj8
2,0,2,20.8333333333333,1,2,1,3,0,3,15,2,6,nswgbyqj8
0,0,1,38.5416666666667,1,5,1,5,1,5,16,2,6,nswgbyqj8
2,1,4,39.84375,1,5,1,5,1,4,17,2,6,nswgbyqj8
2,0,2,21.09375,1,2,1,2,1,4,18,2,6,nswgbyqj8
2,0,2,8.33333333333333,1,2,1,2,1,5,19,2,6,nswgbyqj8
2,1,4,32.03125,1,2,1,2,1,5,20,2,6,nswgbyqj8
0,0,1,37.5,1,5,1,5,1,1,1,3,10,nswgbyqj8
0,1,3,55.46875,1,3,1,3,1,1,2,3,10,nswgbyqj8
2,1,4,16.40625,1,4,1,5,0,1,3,3,10,nswgbyqj8
2,0,2,12.2395833333333,1,4,1,4,1,1,4,3,10,nswgbyqj8
2,1,4,25.78125,1,4,1,5,0,2,5,3,10,nswgbyqj8
0,1,3,70.3125,1,2,1,2,1,2,6,3,10,nswgbyqj8
2,0,2,41.6666666666667,1,4,1,4,1,2,7,3,10,nswgbyqj8
2,0,2,38.8020833333333,1,5,1,5,1,3,8,3,10,nswgbyqj8
2,1,4,53.125,1,5,1,5,1,3,9,3,10,nswgbyqj8
0,1,3,40.3645833333333,1,3,1,3,1,3,10,3,10,nswgbyqj8
0,0,1,11.1979166666667,1,3,1,3,1,2,11,3,10,nswgbyqj8
2,1,4,54.4270833333333,1,4,1,4,1,4,12,3,10,nswgbyqj8
0,1,3,77.0833333333333,1,5,1,5,1,4,13,3,10,nswgbyqj8
2,0,2,11.4583333333333,1,2,1,2,1,4,14,3,10,nswgbyqj8
2,1,4,52.6041666666667,1,2,1,2,1,5,15,3,10,nswgbyqj8
2,0,2,17.4479166666667,1,4,1,4,1,5,16,3,10,nswgbyqj8
0,0,1,44.2708333333333,1,5,1,5,1,3,17,3,10,nswgbyqj8
0,1,3,65.8854166666667,1,4,1,4,1,5,18,3,10,nswgbyqj8
0,0,1,11.71875,1,5,1,5,1,4,19,3,10,nswgbyqj8
0,0,1,17.4479166666667,1,4,1,4,1,5,20,3,10,nswgbyqj8
0,0,1,37.7604166666667,1,4,1,4,1,1,1,1,10,nuay9nnut
0,1,3,80.2083333333333,1,2,1,2,1,1,2,1,10,nuay9nnut
2,1,4,55.7291666666667,1,4,1,4,1,1,3,1,10,nuay9nnut
2,0,2,5.46875,1,2,1,3,0,1,4,1,10,nuay9nnut
2,1,4,80.7291666666667,1,5,1,4,0,2,5,1,10,nuay9nnut
0,1,3,70.0520833333333,1,4,1,4,1,2,6,1,10,nuay9nnut
2,0,2,2.60416666666667,1,4,1,4,1,2,7,1,10,nuay9nnut
2,0,2,13.0208333333333,1,4,1,3,0,3,8,1,10,nuay9nnut
2,1,4,72.65625,1,3,1,2,0,3,9,1,10,nuay9nnut
0,1,3,83.0729166666667,1,2,1,2,1,3,10,1,10,nuay9nnut
0,0,1,40.1041666666667,1,5,1,5,1,2,11,1,10,nuay9nnut
2,1,4,73.6979166666667,1,2,1,2,1,4,12,1,10,nuay9nnut
0,1,3,89.0625,1,5,1,5,1,4,13,1,10,nuay9nnut
2,0,2,18.4895833333333,1,3,1,4,0,4,14,1,10,nuay9nnut
2,1,4,72.9166666666667,1,5,1,5,1,5,15,1,10,nuay9nnut
2,0,2,21.875,1,2,1,2,1,5,16,1,10,nuay9nnut
0,0,1,37.7604166666667,1,3,1,3,1,3,17,1,10,nuay9nnut
0,1,3,92.1875,1,2,1,2,1,5,18,1,10,nuay9nnut
0,0,1,70.8333333333333,1,5,1,5,1,4,19,1,10,nuay9nnut
0,0,1,19.7916666666667,1,2,1,2,1,5,20,1,10,nuay9nnut
0,1,3,87.2395833333333,1,5,1,5,1,1,1,2,6,nuay9nnut
0,1,3,41.6666666666667,1,5,1,5,1,2,2,2,6,nuay9nnut
0,0,1,2.08333333333333,1,2,1,2,1,1,3,2,6,nuay9nnut
0,1,3,58.59375,1,3,1,3,1,3,4,2,6,nuay9nnut
2,1,4,62.5,1,3,1,3,1,1,5,2,6,nuay9nnut
0,0,1,2.60416666666667,1,5,1,5,1,2,6,2,6,nuay9nnut
0,0,1,1.04166666666667,1,3,1,3,1,3,7,2,6,nuay9nnut
0,1,3,89.5833333333333,1,5,1,5,1,4,8,2,6,nuay9nnut
2,0,2,0.520833333333333,1,2,1,2,1,1,9,2,6,nuay9nnut
2,1,4,73.6979166666667,1,3,1,3,1,2,10,2,6,nuay9nnut
2,1,4,41.40625,1,2,1,2,1,3,11,2,6,nuay9nnut
2,0,2,10.4166666666667,1,2,1,2,1,2,12,2,6,nuay9nnut
0,0,1,38.5416666666667,1,5,1,5,1,4,13,2,6,nuay9nnut
0,1,3,76.5625,1,4,1,4,1,5,14,2,6,nuay9nnut
2,0,2,15.1041666666667,1,3,1,4,0,3,15,2,6,nuay9nnut
0,0,1,23.9583333333333,1,2,1,2,1,5,16,2,6,nuay9nnut
2,1,4,68.2291666666667,1,5,1,5,1,4,17,2,6,nuay9nnut
2,0,2,32.8125,1,4,1,4,1,4,18,2,6,nuay9nnut
2,0,2,7.29166666666667,1,3,1,3,1,5,19,2,6,nuay9nnut
2,1,4,79.9479166666667,1,3,1,4,0,5,20,2,6,nuay9nnut
2,1,4,74.7395833333333,1,2,1,2,1,1,1,3,8,nuay9nnut
0,0,1,4.16666666666667,1,2,1,2,1,1,2,3,8,nuay9nnut
0,1,3,81.5104166666667,1,2,1,2,1,1,3,3,8,nuay9nnut
0,1,3,80.2083333333333,1,2,1,2,1,2,4,3,8,nuay9nnut
0,0,1,9.11458333333333,1,2,1,2,1,2,5,3,8,nuay9nnut
2,1,4,88.5416666666667,1,3,1,3,1,2,6,3,8,nuay9nnut
2,0,2,3.90625,1,2,1,2,1,1,7,3,8,nuay9nnut
2,0,2,39.3229166666667,1,5,1,5,1,2,8,3,8,nuay9nnut
2,1,4,85.6770833333333,1,3,1,5,0,3,9,3,8,nuay9nnut
0,0,1,38.5416666666667,1,3,1,3,1,3,10,3,8,nuay9nnut
2,0,2,11.9791666666667,1,4,1,3,0,3,11,3,8,nuay9nnut
0,1,3,94.7916666666667,1,3,1,3,1,3,12,3,8,nuay9nnut
0,0,1,41.1458333333333,1,4,1,5,0,4,13,3,8,nuay9nnut
2,0,2,59.6354166666667,1,2,1,3,0,4,14,3,8,nuay9nnut
0,1,3,97.1354166666667,1,2,1,2,1,4,15,3,8,nuay9nnut
0,1,3,95.3125,1,5,1,5,1,5,16,3,8,nuay9nnut
0,0,1,54.9479166666667,1,3,1,3,1,5,17,3,8,nuay9nnut
2,1,4,95.3125,1,3,1,2,0,4,18,3,8,nuay9nnut
2,1,4,99.21875,1,2,1,3,0,5,19,3,8,nuay9nnut
2,0,2,58.59375,1,3,1,2,0,5,20,3,8,nuay9nnut
0,0,1,35.6770833333333,1,4,1,4,1,1,1,1,5,nuvffpzjg
2,1,4,54.6875,1,4,1,4,1,1,2,1,5,nuvffpzjg
2,0,2,23.1770833333333,1,3,1,5,0,1,3,1,5,nuvffpzjg
2,0,2,12.2395833333333,1,3,1,3,1,2,4,1,5,nuvffpzjg
2,1,4,56.5104166666667,1,2,1,5,0,2,5,1,5,nuvffpzjg
0,1,3,62.7604166666667,1,5,1,5,1,1,6,1,5,nuvffpzjg
2,0,2,27.8645833333333,1,2,1,3,0,3,7,1,5,nuvffpzjg
0,1,3,74.21875,1,3,1,4,0,2,8,1,5,nuvffpzjg
0,0,1,19.0104166666667,1,2,1,2,1,2,9,1,5,nuvffpzjg
2,1,4,68.2291666666667,1,2,1,2,1,3,10,1,5,nuvffpzjg
0,1,3,79.4270833333333,1,4,1,4,1,3,11,1,5,nuvffpzjg
0,0,1,16.9270833333333,1,1,1,5,0,3,12,1,5,nuvffpzjg
0,0,1,55.46875,1,5,1,5,1,4,13,1,5,nuvffpzjg
2,1,4,80.7291666666667,1,2,1,2,1,4,14,1,5,nuvffpzjg
2,0,2,58.0729166666667,1,3,1,4,0,4,15,1,5,nuvffpzjg
0,0,1,46.6145833333333,1,3,1,3,1,5,16,1,5,nuvffpzjg
0,1,3,68.75,1,2,1,2,1,4,17,1,5,nuvffpzjg
0,1,3,65.625,1,3,1,3,1,5,18,1,5,nuvffpzjg
2,0,2,40.3645833333333,1,2,1,2,1,5,19,1,5,nuvffpzjg
2,1,4,71.875,1,5,1,5,1,5,20,1,5,nuvffpzjg
0,0,1,5.20833333333333,1,5,1,5,1,1,1,2,10,nuvffpzjg
0,1,3,54.1666666666667,1,5,1,5,1,1,2,2,10,nuvffpzjg
2,1,4,46.3541666666667,1,1,1,4,0,1,3,2,10,nuvffpzjg
2,0,2,16.6666666666667,1,3,1,5,0,1,4,2,10,nuvffpzjg
2,1,4,60.4166666666667,1,3,1,4,0,2,5,2,10,nuvffpzjg
0,1,3,42.7083333333333,1,3,1,3,1,2,6,2,10,nuvffpzjg
2,0,2,19.7916666666667,1,1,1,4,0,2,7,2,10,nuvffpzjg
2,0,2,13.5416666666667,1,2,1,2,1,3,8,2,10,nuvffpzjg
2,1,4,58.3333333333333,1,0,1,4,0,3,9,2,10,nuvffpzjg
0,1,3,61.1979166666667,1,2,1,2,1,3,10,2,10,nuvffpzjg
0,0,1,16.40625,1,3,1,3,1,2,11,2,10,nuvffpzjg
2,1,4,61.1979166666667,1,2,1,2,1,4,12,2,10,nuvffpzjg
0,1,3,70.8333333333333,1,2,1,2,1,4,13,2,10,nuvffpzjg
2,0,2,36.1979166666667,1,4,1,5,0,4,14,2,10,nuvffpzjg
2,1,4,47.1354166666667,1,4,1,4,1,5,15,2,10,nuvffpzjg
2,0,2,28.125,1,3,1,3,1,5,16,2,10,nuvffpzjg
0,0,1,45.8333333333333,1,5,1,5,1,3,17,2,10,nuvffpzjg
0,1,3,66.1458333333333,1,2,1,2,1,5,18,2,10,nuvffpzjg
0,0,1,31.25,1,3,1,3,1,4,19,2,10,nuvffpzjg
0,0,1,55.9895833333333,1,3,1,3,1,5,20,2,10,nuvffpzjg
2,1,4,63.28125,1,5,1,5,1,1,1,3,8,nuvffpzjg
0,0,1,23.1770833333333,1,2,1,2,1,1,2,3,8,nuvffpzjg
0,1,3,36.71875,1,3,1,3,1,1,3,3,8,nuvffpzjg
0,1,3,54.1666666666667,1,3,1,3,1,2,4,3,8,nuvffpzjg
0,0,1,17.96875,1,4,1,4,1,2,5,3,8,nuvffpzjg
2,1,4,36.71875,1,4,1,4,1,2,6,3,8,nuvffpzjg
2,0,2,5.46875,1,4,1,5,0,1,7,3,8,nuvffpzjg
2,0,2,13.28125,1,2,1,3,0,2,8,3,8,nuvffpzjg
2,1,4,61.9791666666667,1,2,1,4,0,3,9,3,8,nuvffpzjg
0,0,1,15.625,1,4,1,4,1,3,10,3,8,nuvffpzjg
2,0,2,26.5625,1,3,1,2,0,3,11,3,8,nuvffpzjg
0,1,3,56.25,1,2,1,2,1,3,12,3,8,nuvffpzjg
0,0,1,36.71875,1,3,1,3,1,4,13,3,8,nuvffpzjg
2,0,2,19.53125,1,5,1,5,1,4,14,3,8,nuvffpzjg
0,1,3,47.1354166666667,1,3,1,3,1,4,15,3,8,nuvffpzjg
0,1,3,62.7604166666667,1,4,1,4,1,5,16,3,8,nuvffpzjg
0,0,1,30.7291666666667,1,2,1,2,1,5,17,3,8,nuvffpzjg
2,1,4,39.5833333333333,1,4,1,5,0,4,18,3,8,nuvffpzjg
2,1,4,68.2291666666667,1,3,1,3,1,5,19,3,8,nuvffpzjg
2,0,2,29.1666666666667,1,4,1,4,1,5,20,3,8,nuvffpzjg
0,1,3,55.9895833333333,1,4,1,4,1,1,1,1,6,nvgt1vtvm
0,1,3,71.3541666666667,1,5,1,5,1,2,2,1,6,nvgt1vtvm
0,0,1,30.9895833333333,1,2,1,2,1,1,3,1,6,nvgt1vtvm
0,1,3,66.1458333333333,1,5,1,5,1,3,4,1,6,nvgt1vtvm
2,1,4,53.90625,1,3,1,3,1,1,5,1,6,nvgt1vtvm
0,0,1,11.1979166666667,1,5,1,5,1,2,6,1,6,nvgt1vtvm
0,0,1,7.29166666666667,1,3,1,3,1,3,7,1,6,nvgt1vtvm
0,1,3,82.2916666666667,1,5,1,5,1,4,8,1,6,nvgt1vtvm
2,0,2,56.7708333333333,1,5,1,4,0,1,9,1,6,nvgt1vtvm
2,1,4,63.28125,1,2,1,2,1,2,10,1,6,nvgt1vtvm
2,1,4,65.1041666666667,1,4,1,4,1,3,11,1,6,nvgt1vtvm
2,0,2,54.4270833333333,1,2,1,3,0,2,12,1,6,nvgt1vtvm
0,0,1,39.3229166666667,1,2,1,2,1,4,13,1,6,nvgt1vtvm
0,1,3,69.0104166666667,1,4,1,4,1,5,14,1,6,nvgt1vtvm
2,0,2,56.25,1,4,1,5,0,3,15,1,6,nvgt1vtvm
0,0,1,54.9479166666667,1,4,1,4,1,5,16,1,6,nvgt1vtvm
2,1,4,66.1458333333333,1,3,1,3,1,4,17,1,6,nvgt1vtvm
2,0,2,41.9270833333333,1,4,1,4,1,4,18,1,6,nvgt1vtvm
2,0,2,59.8958333333333,1,2,1,2,1,5,19,1,6,nvgt1vtvm
2,1,4,69.2708333333333,1,1,1,4,0,5,20,1,6,nvgt1vtvm
2,1,4,64.3229166666667,1,4,1,5,0,1,1,2,8,nvgt1vtvm
0,0,1,8.59375,1,4,1,4,1,1,2,2,8,nvgt1vtvm
0,1,3,53.3854166666667,1,3,1,3,1,1,3,2,8,nvgt1vtvm
0,1,3,54.6875,1,2,1,2,1,2,4,2,8,nvgt1vtvm
0,0,1,46.6145833333333,1,3,1,3,1,2,5,2,8,nvgt1vtvm
2,1,4,64.0625,1,3,1,4,0,2,6,2,8,nvgt1vtvm
2,0,2,51.0416666666667,1,2,1,2,1,1,7,2,8,nvgt1vtvm
2,0,2,44.7916666666667,1,3,1,4,0,2,8,2,8,nvgt1vtvm
2,1,4,69.0104166666667,1,4,1,5,0,3,9,2,8,nvgt1vtvm
0,0,1,44.0104166666667,1,3,1,3,1,3,10,2,8,nvgt1vtvm
2,0,2,35.9375,1,3,1,3,1,3,11,2,8,nvgt1vtvm
0,1,3,71.6145833333333,1,3,1,3,1,3,12,2,8,nvgt1vtvm
0,0,1,45.3125,1,3,1,3,1,4,13,2,8,nvgt1vtvm
2,0,2,36.4583333333333,1,3,1,2,0,4,14,2,8,nvgt1vtvm
0,1,3,63.8020833333333,1,5,1,5,1,4,15,2,8,nvgt1vtvm
0,1,3,60.15625,1,2,1,2,1,5,16,2,8,nvgt1vtvm
0,0,1,53.6458333333333,1,4,1,4,1,5,17,2,8,nvgt1vtvm
2,1,4,65.625,1,4,1,3,0,4,18,2,8,nvgt1vtvm
2,1,4,63.8020833333333,1,5,1,5,1,5,19,2,8,nvgt1vtvm
2,0,2,57.5520833333333,1,2,1,2,1,5,20,2,8,nvgt1vtvm
0,1,3,79.6875,1,2,1,2,1,1,1,3,4,nvgt1vtvm
2,0,2,55.2083333333333,1,3,1,3,1,1,2,3,4,nvgt1vtvm
0,0,1,32.8125,1,3,1,3,1,1,3,3,4,nvgt1vtvm
2,1,4,66.9270833333333,1,4,1,5,0,1,4,3,4,nvgt1vtvm
0,1,3,71.3541666666667,1,3,1,3,1,2,5,3,4,nvgt1vtvm
0,0,1,51.5625,1,2,1,2,1,2,6,3,4,nvgt1vtvm
2,0,2,41.1458333333333,1,3,1,2,0,2,7,3,4,nvgt1vtvm
2,1,4,64.84375,1,4,1,4,1,2,8,3,4,nvgt1vtvm
0,1,3,70.0520833333333,1,2,1,2,1,3,9,3,4,nvgt1vtvm
2,0,2,60.6770833333333,1,3,1,5,0,3,10,3,4,nvgt1vtvm
0,0,1,54.1666666666667,1,3,1,3,1,3,11,3,4,nvgt1vtvm
0,1,3,85.6770833333333,1,3,1,3,1,4,12,3,4,nvgt1vtvm
2,1,4,68.4895833333333,1,2,1,4,0,3,13,3,4,nvgt1vtvm
0,0,1,39.84375,1,2,1,2,1,4,14,3,4,nvgt1vtvm
2,0,2,55.2083333333333,1,3,1,3,1,4,15,3,4,nvgt1vtvm
2,1,4,72.3958333333333,1,3,1,2,0,4,16,3,4,nvgt1vtvm
2,1,4,70.5729166666667,1,3,1,3,1,5,17,3,4,nvgt1vtvm
2,0,2,61.4583333333333,1,5,1,4,0,5,18,3,4,nvgt1vtvm
0,1,3,89.0625,1,5,1,5,1,5,19,3,4,nvgt1vtvm
0,0,1,55.9895833333333,1,4,1,4,1,5,20,3,4,nvgt1vtvm
0,1,3,58.59375,1,3,1,3,1,1,1,1,4,nxmvzm9hh
2,0,2,7.421875,1,3,1,4,0,1,2,1,4,nxmvzm9hh
0,0,1,-0,1,3,1,4,0,1,3,1,4,nxmvzm9hh
2,1,4,75.390625,1,1,1,5,0,1,4,1,4,nxmvzm9hh
0,1,3,58.203125,1,2,1,5,0,2,5,1,4,nxmvzm9hh
0,0,1,51.5625,1,4,1,4,1,2,6,1,4,nxmvzm9hh
2,0,2,46.484375,0,1,1,2,0,2,7,1,4,nxmvzm9hh
2,1,4,67.578125,1,2,1,2,1,2,8,1,4,nxmvzm9hh
0,1,3,71.484375,1,4,1,3,0,3,9,1,4,nxmvzm9hh
2,0,2,50,1,2,1,5,0,3,10,1,4,nxmvzm9hh
0,0,1,57.421875,1,1,1,3,0,3,11,1,4,nxmvzm9hh
0,1,3,43.359375,1,5,1,5,1,4,12,1,4,nxmvzm9hh
2,1,4,77.734375,1,3,1,2,0,3,13,1,4,nxmvzm9hh
0,0,1,41.796875,1,3,1,5,0,4,14,1,4,nxmvzm9hh
2,0,2,42.96875,1,2,1,3,0,4,15,1,4,nxmvzm9hh
2,1,4,57.03125,1,2,1,2,1,4,16,1,4,nxmvzm9hh
2,1,4,67.1875,1,3,1,3,1,5,17,1,4,nxmvzm9hh
2,0,2,50,1,4,1,4,1,5,18,1,4,nxmvzm9hh
0,1,3,57.421875,1,3,1,3,1,5,19,1,4,nxmvzm9hh
0,0,1,57.421875,1,4,1,3,0,5,20,1,4,nxmvzm9hh
2,1,4,41.796875,1,4,1,4,1,1,1,2,9,nxmvzm9hh
2,1,4,45.703125,1,4,1,4,1,2,2,2,9,nxmvzm9hh
2,0,2,50,1,2,1,5,0,1,3,2,9,nxmvzm9hh
0,1,3,65.234375,1,3,1,3,1,1,4,2,9,nxmvzm9hh
2,1,4,60.9375,1,3,1,5,0,3,5,2,9,nxmvzm9hh
0,0,1,32.03125,1,3,1,5,0,1,6,2,9,nxmvzm9hh
2,0,2,50,1,3,1,3,1,2,7,2,9,nxmvzm9hh
0,1,3,65.625,1,3,1,4,0,2,8,2,9,nxmvzm9hh
2,1,4,64.453125,1,3,1,2,0,4,9,2,9,nxmvzm9hh
0,0,1,40.234375,1,5,1,2,0,2,10,2,9,nxmvzm9hh
2,0,2,48.046875,1,1,1,4,0,3,11,2,9,nxmvzm9hh
0,1,3,50,1,5,1,5,1,3,12,2,9,nxmvzm9hh
0,1,3,58.59375,1,2,1,5,0,4,13,2,9,nxmvzm9hh
0,0,1,34.375,1,2,1,2,1,3,14,2,9,nxmvzm9hh
2,0,2,32.421875,1,4,1,4,1,4,15,2,9,nxmvzm9hh
2,1,4,58.59375,1,3,1,3,1,5,16,2,9,nxmvzm9hh
2,0,2,39.84375,1,2,1,2,1,5,17,2,9,nxmvzm9hh
0,1,3,57.8125,1,5,1,3,0,5,18,2,9,nxmvzm9hh
0,0,1,15.625,1,5,1,2,0,4,19,2,9,nxmvzm9hh
2,0,2,52.34375,1,3,1,5,0,6,20,2,9,nxmvzm9hh
0,0,1,33.203125,1,4,1,4,1,1,1,3,5,nxmvzm9hh
0,1,3,33.203125,1,2,1,2,1,1,2,3,5,nxmvzm9hh
2,0,2,25.390625,1,4,1,4,1,1,3,3,5,nxmvzm9hh
2,0,2,35.546875,1,2,1,3,0,2,4,3,5,nxmvzm9hh
2,1,4,58.59375,1,5,1,4,0,1,5,3,5,nxmvzm9hh
2,1,4,65.625,1,3,1,4,0,2,6,3,5,nxmvzm9hh
0,0,1,32.03125,1,2,1,4,0,2,7,3,5,nxmvzm9hh
2,1,4,48.046875,1,1,1,3,0,3,8,3,5,nxmvzm9hh
0,0,1,32.03125,1,2,1,2,1,3,9,3,5,nxmvzm9hh
0,1,3,66.796875,1,1,1,2,0,2,10,3,5,nxmvzm9hh
2,1,4,66.40625,1,3,1,5,0,4,11,3,5,nxmvzm9hh
0,0,1,21.09375,1,4,1,2,0,4,12,3,5,nxmvzm9hh
0,0,1,32.03125,1,3,1,5,0,5,13,3,5,nxmvzm9hh
0,1,3,58.984375,1,2,1,4,0,3,14,3,5,nxmvzm9hh
2,0,2,27.734375,1,5,1,5,1,3,15,3,5,nxmvzm9hh
2,0,2,26.5625,1,3,1,2,0,4,16,3,5,nxmvzm9hh
0,1,3,73.828125,1,3,1,3,1,4,17,3,5,nxmvzm9hh
0,1,3,78.90625,1,4,1,2,0,5,18,3,5,nxmvzm9hh
0,0,1,41.015625,1,3,1,5,0,6,19,3,5,nxmvzm9hh
2,1,4,64.84375,1,2,1,2,1,5,20,3,5,nxmvzm9hh
2,1,4,25.78125,1,4,1,4,1,1,1,1,9,nz4haw4ab
2,1,4,6.77083333333333,1,4,1,5,0,2,2,1,9,nz4haw4ab
0,0,1,-0,1,4,1,5,0,1,3,1,9,nz4haw4ab
2,1,4,55.46875,1,2,1,2,1,3,4,1,9,nz4haw4ab
0,1,3,40.1041666666667,1,4,1,5,0,1,5,1,9,nz4haw4ab
2,0,2,5.98958333333333,1,3,1,3,1,1,6,1,9,nz4haw4ab
0,0,1,4.16666666666667,1,4,1,5,0,2,7,1,9,nz4haw4ab
2,1,4,18.2291666666667,1,2,1,3,0,4,8,1,9,nz4haw4ab
0,1,3,30.46875,1,2,1,2,1,2,9,1,9,nz4haw4ab
2,0,2,8.33333333333333,1,4,1,5,0,2,10,1,9,nz4haw4ab
0,0,1,5.46875,1,5,1,4,0,3,11,1,9,nz4haw4ab
0,1,3,24.21875,1,4,1,3,0,3,12,1,9,nz4haw4ab
0,1,3,25.5208333333333,1,4,1,3,0,4,13,1,9,nz4haw4ab
2,0,2,-0,1,2,1,2,1,3,14,1,9,nz4haw4ab
2,0,2,-0,1,4,1,3,0,4,15,1,9,nz4haw4ab
2,1,4,58.59375,1,3,1,4,0,5,16,1,9,nz4haw4ab
0,0,1,0.260416666666667,1,2,1,2,1,4,17,1,9,nz4haw4ab
0,1,3,54.1666666666667,1,3,1,4,0,5,18,1,9,nz4haw4ab
2,0,2,-0,1,2,1,2,1,5,19,1,9,nz4haw4ab
0,0,1,0,1,5,1,5,1,5,20,1,9,nz4haw4ab
0,0,1,44.0104166666667,1,2,1,2,1,1,1,2,10,nz4haw4ab
0,1,3,2.60416666666667,1,4,1,4,1,1,2,2,10,nz4haw4ab
2,1,4,1.30208333333333,1,4,1,5,0,1,3,2,10,nz4haw4ab
2,0,2,1.04166666666667,1,3,1,5,0,1,4,2,10,nz4haw4ab
2,1,4,51.3020833333333,0,2,1,2,1,2,5,2,10,nz4haw4ab
0,1,3,53.90625,1,3,1,2,0,2,6,2,10,nz4haw4ab
2,0,2,2.34375,1,1,1,3,0,2,7,2,10,nz4haw4ab
2,0,2,44.7916666666667,1,4,1,4,1,3,8,2,10,nz4haw4ab
2,1,4,34.1145833333333,1,5,1,3,0,3,9,2,10,nz4haw4ab
0,1,3,1.5625,1,2,1,5,0,3,10,2,10,nz4haw4ab
0,0,1,-0,1,3,1,2,0,2,11,2,10,nz4haw4ab
2,1,4,6.51041666666667,1,4,0,5,0,4,12,2,10,nz4haw4ab
0,1,3,15.8854166666667,1,3,1,2,0,4,13,2,10,nz4haw4ab
2,0,2,75,1,0,0,5,0,4,14,2,10,nz4haw4ab
2,1,4,15.3645833333333,1,3,1,3,1,5,15,2,10,nz4haw4ab
2,0,2,2.60416666666667,1,4,1,3,0,5,16,2,10,nz4haw4ab
0,0,1,16.6666666666667,0,3,1,3,1,3,17,2,10,nz4haw4ab
0,1,3,76.5625,1,0,0,2,0,5,18,2,10,nz4haw4ab
0,0,1,7.29166666666667,1,0,0,2,0,4,19,2,10,nz4haw4ab
0,0,1,8.59375,1,4,1,3,0,5,20,2,10,nz4haw4ab
0,1,3,80.9895833333333,1,4,1,5,0,1,1,3,2,nz4haw4ab
0,0,1,7.29166666666667,1,4,1,5,0,1,2,3,2,nz4haw4ab
0,0,1,11.1979166666667,1,4,1,2,0,2,3,3,2,nz4haw4ab
0,1,3,48.4375,1,2,1,5,0,2,4,3,2,nz4haw4ab
2,1,4,36.9791666666667,1,5,1,3,0,1,5,3,2,nz4haw4ab
2,0,2,20.5729166666667,1,3,1,3,1,1,6,3,2,nz4haw4ab
2,1,4,61.4583333333333,1,4,1,2,0,2,7,3,2,nz4haw4ab
0,1,3,50,0,0,0,2,0,3,8,3,2,nz4haw4ab
0,0,1,2.86458333333333,1,4,1,5,0,3,9,3,2,nz4haw4ab
2,1,4,53.90625,1,2,1,3,0,3,10,3,2,nz4haw4ab
2,0,2,11.1979166666667,1,3,0,5,0,2,11,3,2,nz4haw4ab
2,0,2,5.20833333333333,1,1,0,5,0,3,12,3,2,nz4haw4ab
0,1,3,59.6354166666667,1,4,1,3,0,4,13,3,2,nz4haw4ab
2,0,2,-0,1,2,1,4,0,4,14,3,2,nz4haw4ab
0,1,3,60.15625,1,5,1,5,1,5,15,3,2,nz4haw4ab
2,1,4,51.0416666666667,1,4,1,4,1,4,16,3,2,nz4haw4ab
0,0,1,8.07291666666667,1,4,1,2,0,4,17,3,2,nz4haw4ab
0,0,1,2.86458333333333,1,3,0,2,0,5,18,3,2,nz4haw4ab
2,1,4,54.1666666666667,1,3,1,2,0,5,19,3,2,nz4haw4ab
2,0,2,27.8645833333333,1,4,1,3,0,5,20,3,2,nz4haw4ab
